id,order_number,short_description,long_description,formatted_icd10_code,FDN_parenticd10
A66,,Yaws,Yaws,A66,
A22,,Anthrax,Anthrax,A22,
B46,,Zygomycosis,Zygomycosis,B46,
H60,,Otitis externa,Otitis externa,H60,
M10,,Gout,Gout,M10,
S11,,Open wound of neck,Open wound of neck,S11,
M47,,Spondylosis,Spondylosis,M47,
S365,,Injury of colon,Injury of colon,S36.5,S36
N03,,Chronic nephritic syndrome,Chronic nephritic syndrome,N03,
A69,,Other spirochetal infections,Other spirochetal infections,A69,
H058,,Other disorders of orbit,Other disorders of orbit,H05.8,H05
H262,,Complicated cataract,Complicated cataract,H26.2,H26
H808,,Other otosclerosis,Other otosclerosis,H80.8,H80
I71,,Aortic aneurysm and dissection,Aortic aneurysm and dissection,I71,
M54,,Dorsalgia,Dorsalgia,M54,
T753,,Motion sickness,Motion sickness,T75.3,T75
B26,,Mumps,Mumps,B26,
R291,,Meningismus,Meningismus,R29.1,R29
A009,,"Cholera, unspecified","Cholera, unspecified",A00.9,A00
A221,,Pulmonary anthrax,Pulmonary anthrax,A22.1,A22
F400,,Agoraphobia,Agoraphobia,F40.0,F40
G80,,Cerebral palsy,Cerebral palsy,G80,
H471,,Papilledema,Papilledema,H47.1,H47
I710,,Dissection of aorta,Dissection of aorta,I71.0,I71
L90,,Atrophic disorders of skin,Atrophic disorders of skin,L90,
H04,,Disorders of lacrimal system,Disorders of lacrimal system,H04,
I10,,Essential (primary) hypertension,Essential (primary) hypertension,I10,
I408,,Other acute myocarditis,Other acute myocarditis,I40.8,I40
S936,,Sprain of foot,Sprain of foot,S93.6,S93
A031,,Shigellosis due to Shigella flexneri,Shigellosis due to Shigella flexneri,A03.1,A03
A039,,"Shigellosis, unspecified","Shigellosis, unspecified",A03.9,A03
A04,,Other bacterial intestinal infections,Other bacterial intestinal infections,A04,
A048,,Other specified bacterial intestinal infections,Other specified bacterial intestinal infections,A04.8,A04
B05,,Measles,Measles,B05,
C51,,Malignant neoplasm of vulva,Malignant neoplasm of vulva,C51,
H05,,Disorders of orbit,Disorders of orbit,H05,
H30,,Chorioretinal inflammation,Chorioretinal inflammation,H30,
D151,,Benign neoplasm of heart,Benign neoplasm of heart,D15.1,D15
S64,,Injury of nerves at wrist and hand level,Injury of nerves at wrist and hand level,S64,
S810,,Open wound of knee,Open wound of knee,S81.0,S81
T18,,Foreign body in alimentary tract,Foreign body in alimentary tract,T18,
S900,,Contusion of ankle,Contusion of ankle,S90.0,S90
A03,,Shigellosis,Shigellosis,A03,
J86,,Pyothorax,Pyothorax,J86,
S05,,Injury of eye and orbit,Injury of eye and orbit,S05,
A00,,Cholera,Cholera,A00,
B38,,Coccidioidomycosis,Coccidioidomycosis,B38,
B701,,Sparganosis,Sparganosis,B70.1,B70
B71,,Other cestode infections,Other cestode infections,B71,
A06,,Amebiasis,Amebiasis,A06,
A062,,Amebic nondysenteric colitis,Amebic nondysenteric colitis,A06.2,A06
A066,,Amebic brain abscess,Amebic brain abscess,A06.6,A06
A08,,Viral and other specified intestinal infections,Viral and other specified intestinal infections,A08,
A081,,Acute gastrent d/t Norwalk agent and oth small round viruses,Acute gastroenteropathy due to Norwalk agent and other small round viruses,A08.1,A08
A09,,"Infectious gastroenteritis and colitis, unspecified","Infectious gastroenteritis and colitis, unspecified",A09,
A21,,Tularemia,Tularemia,A21,
A211,,Oculoglandular tularemia,Oculoglandular tularemia,A21.1,A21
A27,,Leptospirosis,Leptospirosis,A27,
A279,,"Leptospirosis, unspecified","Leptospirosis, unspecified",A27.9,A27
A28,,"Other zoonotic bacterial diseases, not elsewhere classified","Other zoonotic bacterial diseases, not elsewhere classified",A28,
A288,,"Oth zoonotic bacterial diseases, not elsewhere classified","Other specified zoonotic bacterial diseases, not elsewhere classified",A28.8,A28
A39,,Meningococcal infection,Meningococcal infection,A39,
A398,,Other meningococcal infections,Other meningococcal infections,A39.8,A39
A51,,Early syphilis,Early syphilis,A51,
A511,,Primary anal syphilis,Primary anal syphilis,A51.1,A51
A514,,Other secondary syphilis,Other secondary syphilis,A51.4,A51
A52,,Late syphilis,Late syphilis,A52,
A521,,Symptomatic neurosyphilis,Symptomatic neurosyphilis,A52.1,A52
B89,,Unspecified parasitic disease,Unspecified parasitic disease,B89,
A63,,"Oth predominantly sexually transmitted diseases, NEC","Other predominantly sexually transmitted diseases, not elsewhere classified",A63,
A638,,Other specified predominantly sexually transmitted diseases,Other specified predominantly sexually transmitted diseases,A63.8,A63
A661,,Multiple papillomata and wet crab yaws,Multiple papillomata and wet crab yaws,A66.1,A66
A690,,Necrotizing ulcerative stomatitis,Necrotizing ulcerative stomatitis,A69.0,A69
A70,,Chlamydia psittaci infections,Chlamydia psittaci infections,A70,
A77,,Spotted fever [tick-borne rickettsioses],Spotted fever [tick-borne rickettsioses],A77,
A779,,"Spotted fever, unspecified","Spotted fever, unspecified",A77.9,A77
A79,,Other rickettsioses,Other rickettsioses,A79,
A799,,"Rickettsiosis, unspecified","Rickettsiosis, unspecified",A79.9,A79
A84,,Tick-borne viral encephalitis,Tick-borne viral encephalitis,A84,
A841,,Central European tick-borne encephalitis,Central European tick-borne encephalitis,A84.1,A84
A87,,Viral meningitis,Viral meningitis,A87,
A870,,Enteroviral meningitis,Enteroviral meningitis,A87.0,A87
A90,,Dengue fever [classical dengue],Dengue fever [classical dengue],A90,
B00,,Herpesviral [herpes simplex] infections,Herpesviral [herpes simplex] infections,B00,
B005,,Herpesviral ocular disease,Herpesviral ocular disease,B00.5,B00
B47,,Mycetoma,Mycetoma,B47,
B01,,Varicella [chickenpox],Varicella [chickenpox],B01,
B012,,Varicella pneumonia,Varicella pneumonia,B01.2,B01
B052,,Measles complicated by pneumonia,Measles complicated by pneumonia,B05.2,B05
B053,,Measles complicated by otitis media,Measles complicated by otitis media,B05.3,B05
B17,,Other acute viral hepatitis,Other acute viral hepatitis,B17,
B172,,Acute hepatitis E,Acute hepatitis E,B17.2,B17
B269,,Mumps without complication,Mumps without complication,B26.9,B26
B34,,Viral infection of unspecified site,Viral infection of unspecified site,B34,
B344,,"Papovavirus infection, unspecified","Papovavirus infection, unspecified",B34.4,B34
B36,,Other superficial mycoses,Other superficial mycoses,B36,
B369,,"Superficial mycosis, unspecified","Superficial mycosis, unspecified",B36.9,B36
B382,,"Pulmonary coccidioidomycosis, unspecified","Pulmonary coccidioidomycosis, unspecified",B38.2,B38
B469,,"Zygomycosis, unspecified","Zygomycosis, unspecified",B46.9,B46
B470,,Eumycetoma,Eumycetoma,B47.0,B47
B50,,Plasmodium falciparum malaria,Plasmodium falciparum malaria,B50,
B508,,Other severe and complicated Plasmodium falciparum malaria,Other severe and complicated Plasmodium falciparum malaria,B50.8,B50
B59,,Pneumocystosis,Pneumocystosis,B59,
B60,,"Other protozoal diseases, not elsewhere classified","Other protozoal diseases, not elsewhere classified",B60,
B600,,Babesiosis,Babesiosis,B60.0,B60
B65,,Schistosomiasis [bilharziasis],Schistosomiasis [bilharziasis],B65,
B658,,Other schistosomiasis,Other schistosomiasis,B65.8,B65
B66,,Other fluke infections,Other fluke infections,B66,
B665,,Fasciolopsiasis,Fasciolopsiasis,B66.5,B66
B668,,Other specified fluke infections,Other specified fluke infections,B66.8,B66
B70,,Diphyllobothriasis and sparganosis,Diphyllobothriasis and sparganosis,B70,
B719,,"Cestode infection, unspecified","Cestode infection, unspecified",B71.9,B71
B81,,"Other intestinal helminthiases, not elsewhere classified","Other intestinal helminthiases, not elsewhere classified",B81,
B818,,Other specified intestinal helminthiases,Other specified intestinal helminthiases,B81.8,B81
B83,,Other helminthiases,Other helminthiases,B83,
B838,,Other specified helminthiases,Other specified helminthiases,B83.8,B83
B85,,Pediculosis and phthiriasis,Pediculosis and phthiriasis,B85,
B852,,"Pediculosis, unspecified","Pediculosis, unspecified",B85.2,B85
B91,,Sequelae of poliomyelitis,Sequelae of poliomyelitis,B91,
B94,,Sequelae of other and unsp infectious and parasitic diseases,Sequelae of other and unspecified infectious and parasitic diseases,B94,
B948,,Sequelae of oth infectious and parasitic diseases,Sequelae of other specified infectious and parasitic diseases,B94.8,B94
C00,,Malignant neoplasm of lip,Malignant neoplasm of lip,C00,
C004,,"Malignant neoplasm of lower lip, inner aspect","Malignant neoplasm of lower lip, inner aspect",C00.4,C00
C006,,"Malignant neoplasm of commissure of lip, unspecified","Malignant neoplasm of commissure of lip, unspecified",C00.6,C00
C008,,Malignant neoplasm of overlapping sites of lip,Malignant neoplasm of overlapping sites of lip,C00.8,C00
C02,,Malignant neoplasm of other and unspecified parts of tongue,Malignant neoplasm of other and unspecified parts of tongue,C02,
C022,,Malignant neoplasm of ventral surface of tongue,Malignant neoplasm of ventral surface of tongue,C02.2,C02
C03,,Malignant neoplasm of gum,Malignant neoplasm of gum,C03,
C039,,"Malignant neoplasm of gum, unspecified","Malignant neoplasm of gum, unspecified",C03.9,C03
C06,,Malignant neoplasm of other and unspecified parts of mouth,Malignant neoplasm of other and unspecified parts of mouth,C06,
C068,,Malignant neoplasm of ovrlp sites of and unsp parts of mouth,Malignant neoplasm of overlapping sites of other and unspecified parts of mouth,C06.8,C06
C069,,"Malignant neoplasm of mouth, unspecified","Malignant neoplasm of mouth, unspecified",C06.9,C06
C08,,Malignant neoplasm of other and unsp major salivary glands,Malignant neoplasm of other and unspecified major salivary glands,C08,
C081,,Malignant neoplasm of sublingual gland,Malignant neoplasm of sublingual gland,C08.1,C08
C089,,"Malignant neoplasm of major salivary gland, unspecified","Malignant neoplasm of major salivary gland, unspecified",C08.9,C08
C10,,Malignant neoplasm of oropharynx,Malignant neoplasm of oropharynx,C10,
C108,,Malignant neoplasm of overlapping sites of oropharynx,Malignant neoplasm of overlapping sites of oropharynx,C10.8,C10
C14,,"Malig neoplasm of sites in the lip, oral cavity and pharynx","Malignant neoplasm of other and ill-defined sites in the lip, oral cavity and pharynx",C14,
C148,,"Malig neoplm of ovrlp sites of lip, oral cavity and pharynx","Malignant neoplasm of overlapping sites of lip, oral cavity and pharynx",C14.8,C14
C21,,Malignant neoplasm of anus and anal canal,Malignant neoplasm of anus and anal canal,C21,
C211,,Malignant neoplasm of anal canal,Malignant neoplasm of anal canal,C21.1,C21
C24,,Malignant neoplasm of other and unsp parts of biliary tract,Malignant neoplasm of other and unspecified parts of biliary tract,C24,
C249,,"Malignant neoplasm of biliary tract, unspecified","Malignant neoplasm of biliary tract, unspecified",C24.9,C24
C25,,Malignant neoplasm of pancreas,Malignant neoplasm of pancreas,C25,
C253,,Malignant neoplasm of pancreatic duct,Malignant neoplasm of pancreatic duct,C25.3,C25
C32,,Malignant neoplasm of larynx,Malignant neoplasm of larynx,C32,
C321,,Malignant neoplasm of supraglottis,Malignant neoplasm of supraglottis,C32.1,C32
C40,,Malignant neoplasm of bone and articular cartilage of limbs,Malignant neoplasm of bone and articular cartilage of limbs,C40,
C401,,Malignant neoplasm of short bones of upper limb,Malignant neoplasm of short bones of upper limb,C40.1,C40
C43,,Malignant melanoma of skin,Malignant melanoma of skin,C43,
C436,,"Malignant melanoma of upper limb, including shoulder","Malignant melanoma of upper limb, including shoulder",C43.6,C43
C49,,Malignant neoplasm of other connective and soft tissue,Malignant neoplasm of other connective and soft tissue,C49,
C493,,Malignant neoplasm of connective and soft tissue of thorax,Malignant neoplasm of connective and soft tissue of thorax,C49.3,C49
C512,,Malignant neoplasm of clitoris,Malignant neoplasm of clitoris,C51.2,C51
C53,,Malignant neoplasm of cervix uteri,Malignant neoplasm of cervix uteri,C53,
C539,,"Malignant neoplasm of cervix uteri, unspecified","Malignant neoplasm of cervix uteri, unspecified",C53.9,C53
C57,,Malignant neoplasm of other and unsp female genital organs,Malignant neoplasm of other and unspecified female genital organs,C57,
C579,,"Malignant neoplasm of female genital organ, unspecified","Malignant neoplasm of female genital organ, unspecified",C57.9,C57
C602,,Malignant neoplasm of body of penis,Malignant neoplasm of body of penis,C60.2,C60
C796,,Secondary malignant neoplasm of ovary,Secondary malignant neoplasm of ovary,C79.6,C79
C63,,Malignant neoplasm of other and unsp male genital organs,Malignant neoplasm of other and unspecified male genital organs,C63,
C631,,Malignant neoplasm of spermatic cord,Malignant neoplasm of spermatic cord,C63.1,C63
C67,,Malignant neoplasm of bladder,Malignant neoplasm of bladder,C67,
C672,,Malignant neoplasm of lateral wall of bladder,Malignant neoplasm of lateral wall of bladder,C67.2,C67
C69,,Malignant neoplasm of eye and adnexa,Malignant neoplasm of eye and adnexa,C69,
C695,,Malignant neoplasm of lacrimal gland and duct,Malignant neoplasm of lacrimal gland and duct,C69.5,C69
C699,,Malignant neoplasm of unspecified site of eye,Malignant neoplasm of unspecified site of eye,C69.9,C69
C701,,Malignant neoplasm of spinal meninges,Malignant neoplasm of spinal meninges,C70.1,C70
C71,,Malignant neoplasm of brain,Malignant neoplasm of brain,C71,
C718,,Malignant neoplasm of overlapping sites of brain,Malignant neoplasm of overlapping sites of brain,C71.8,C71
C76,,Malignant neoplasm of other and ill-defined sites,Malignant neoplasm of other and ill-defined sites,C76,
C763,,Malignant neoplasm of pelvis,Malignant neoplasm of pelvis,C76.3,C76
C77,,Secondary and unspecified malignant neoplasm of lymph nodes,Secondary and unspecified malignant neoplasm of lymph nodes,C77,
C778,,Sec and unsp malig neoplasm of nodes of multiple regions,Secondary and unspecified malignant neoplasm of lymph nodes of multiple regions,C77.8,C77
C79,,Secondary malignant neoplasm of other and unspecified sites,Secondary malignant neoplasm of other and unspecified sites,C79,
C791,,Sec malig neoplm of bladder and oth and unsp urinary organs,Secondary malignant neoplasm of bladder and other and unspecified urinary organs,C79.1,C79
C793,,Secondary malignant neoplasm of brain and cerebral meninges,Secondary malignant neoplasm of brain and cerebral meninges,C79.3,C79
D07,,Carcinoma in situ of other and unspecified genital organs,Carcinoma in situ of other and unspecified genital organs,D07,
D075,,Carcinoma in situ of prostate,Carcinoma in situ of prostate,D07.5,D07
D11,,Benign neoplasm of major salivary glands,Benign neoplasm of major salivary glands,D11,
D119,,"Benign neoplasm of major salivary gland, unspecified","Benign neoplasm of major salivary gland, unspecified",D11.9,D11
D15,,Benign neoplasm of other and unsp intrathoracic organs,Benign neoplasm of other and unspecified intrathoracic organs,D15,
D16,,Benign neoplasm of bone and articular cartilage,Benign neoplasm of bone and articular cartilage,D16,
D160,,Benign neoplasm of scapula and long bones of upper limb,Benign neoplasm of scapula and long bones of upper limb,D16.0,D16
D17,,Benign lipomatous neoplasm,Benign lipomatous neoplasm,D17,
D27,,Benign neoplasm of ovary,Benign neoplasm of ovary,D27,
D176,,Benign lipomatous neoplasm of spermatic cord,Benign lipomatous neoplasm of spermatic cord,D17.6,D17
D21,,Other benign neoplasms of connective and other soft tissue,Other benign neoplasms of connective and other soft tissue,D21,
D211,,"Benign neoplm of connctv/soft tiss of upper limb, inc shldr","Benign neoplasm of connective and other soft tissue of upper limb, including shoulder",D21.1,D21
D219,,"Benign neoplasm of connective and other soft tissue, unsp","Benign neoplasm of connective and other soft tissue, unspecified",D21.9,D21
D223,,Melanocytic nevi of other and unspecified parts of face,Melanocytic nevi of other and unspecified parts of face,D22.3,D22
D28,,Benign neoplasm of other and unsp female genital organs,Benign neoplasm of other and unspecified female genital organs,D28,
D281,,Benign neoplasm of vagina,Benign neoplasm of vagina,D28.1,D28
D289,,"Benign neoplasm of female genital organ, unspecified","Benign neoplasm of female genital organ, unspecified",D28.9,D28
D33,,Benign neoplasm of brain and oth prt central nervous system,Benign neoplasm of brain and other parts of central nervous system,D33,
D334,,Benign neoplasm of spinal cord,Benign neoplasm of spinal cord,D33.4,D33
D35,,Benign neoplasm of other and unspecified endocrine glands,Benign neoplasm of other and unspecified endocrine glands,D35,
D352,,Benign neoplasm of pituitary gland,Benign neoplasm of pituitary gland,D35.2,D35
D354,,Benign neoplasm of pineal gland,Benign neoplasm of pineal gland,D35.4,D35
D356,,Benign neoplasm of aortic body and other paraganglia,Benign neoplasm of aortic body and other paraganglia,D35.6,D35
D40,,Neoplasm of uncertain behavior of male genital organs,Neoplasm of uncertain behavior of male genital organs,D40,
D400,,Neoplasm of uncertain behavior of prostate,Neoplasm of uncertain behavior of prostate,D40.0,D40
D68,,Other coagulation defects,Other coagulation defects,D68,
D689,,"Coagulation defect, unspecified","Coagulation defect, unspecified",D68.9,D68
E04,,Other nontoxic goiter,Other nontoxic goiter,E04,
E049,,"Nontoxic goiter, unspecified","Nontoxic goiter, unspecified",E04.9,E04
E06,,Thyroiditis,Thyroiditis,E06,
E064,,Drug-induced thyroiditis,Drug-induced thyroiditis,E06.4,E06
E16,,Other disorders of pancreatic internal secretion,Other disorders of pancreatic internal secretion,E16,
E164,,Increased secretion of gastrin,Increased secretion of gastrin,E16.4,E16
E169,,"Disorder of pancreatic internal secretion, unspecified","Disorder of pancreatic internal secretion, unspecified",E16.9,E16
E23,,Hypofunction and other disorders of the pituitary gland,Hypofunction and other disorders of the pituitary gland,E23,
E230,,Hypopituitarism,Hypopituitarism,E23.0,E23
E28,,Ovarian dysfunction,Ovarian dysfunction,E28,
E282,,Polycystic ovarian syndrome,Polycystic ovarian syndrome,E28.2,E28
E288,,Other ovarian dysfunction,Other ovarian dysfunction,E28.8,E28
E34,,Other endocrine disorders,Other endocrine disorders,E34,
E342,,"Ectopic hormone secretion, not elsewhere classified","Ectopic hormone secretion, not elsewhere classified",E34.2,E34
E348,,Other specified endocrine disorders,Other specified endocrine disorders,E34.8,E34
E349,,"Endocrine disorder, unspecified","Endocrine disorder, unspecified",E34.9,E34
E50,,Vitamin A deficiency,Vitamin A deficiency,E50,
E507,,Other ocular manifestations of vitamin A deficiency,Other ocular manifestations of vitamin A deficiency,E50.7,E50
E78,,Disorders of lipoprotein metabolism and other lipidemias,Disorders of lipoprotein metabolism and other lipidemias,E78,
E783,,Hyperchylomicronemia,Hyperchylomicronemia,E78.3,E78
E83,,Disorders of mineral metabolism,Disorders of mineral metabolism,E83,
E833,,Disorders of phosphorus metabolism and phosphatases,Disorders of phosphorus metabolism and phosphatases,E83.3,E83
E88,,Other and unspecified metabolic disorders,Other and unspecified metabolic disorders,E88,
E880,,"Disorders of plasma-protein metabolism, NEC","Disorders of plasma-protein metabolism, not elsewhere classified",E88.0,E88
E89,,"Postproc endocrine and metabolic comp and disorders, NEC","Postprocedural endocrine and metabolic complications and disorders, not elsewhere classified",E89,
E890,,Postprocedural hypothyroidism,Postprocedural hypothyroidism,E89.0,E89
F29,,Unsp psychosis not due to a substance or known physiol cond,Unspecified psychosis not due to a substance or known physiological condition,F29,
F40,,Phobic anxiety disorders,Phobic anxiety disorders,F40,
F4001,,Agoraphobia with panic disorder,Agoraphobia with panic disorder,F40.01,F400
F43,,"Reaction to severe stress, and adjustment disorders","Reaction to severe stress, and adjustment disorders",F43,
F431,,Post-traumatic stress disorder (PTSD),Post-traumatic stress disorder (PTSD),F43.1,F43
F432,,Adjustment disorders,Adjustment disorders,F43.2,F43
F438,,Other reactions to severe stress,Other reactions to severe stress,F43.8,F43
F52,,Sexual dysfnct not due to a substance or known physiol cond,Sexual dysfunction not due to a substance or known physiological condition,F52,
F520,,Hypoactive sexual desire disorder,Hypoactive sexual desire disorder,F52.0,F52
F525,,Vaginismus not due to a substance or known physiol condition,Vaginismus not due to a substance or known physiological condition,F52.5,F52
F81,,Specific developmental disorders of scholastic skills,Specific developmental disorders of scholastic skills,F81,
F810,,Specific reading disorder,Specific reading disorder,F81.0,F81
F91,,Conduct disorders,Conduct disorders,F91,
F919,,"Conduct disorder, unspecified","Conduct disorder, unspecified",F91.9,F91
F93,,Emotional disorders with onset specific to childhood,Emotional disorders with onset specific to childhood,F93,
F938,,Other childhood emotional disorders,Other childhood emotional disorders,F93.8,F93
F939,,"Childhood emotional disorder, unspecified","Childhood emotional disorder, unspecified",F93.9,F93
F95,,Tic disorder,Tic disorder,F95,
F950,,Transient tic disorder,Transient tic disorder,F95.0,F95
F98,,Oth behav/emotn disord w onset usly occur in chldhd and adol,Other behavioral and emotional disorders with onset usually occurring in childhood and adolescence,F98,
F981,,Encopresis not due to a substance or known physiol condition,Encopresis not due to a substance or known physiological condition,F98.1,F98
F988,,Oth behav/emotn disord w onset usly occur in chldhd and adol,Other specified behavioral and emotional disorders with onset usually occurring in childhood and adolescence,F98.8,F98
G00,,"Bacterial meningitis, not elsewhere classified","Bacterial meningitis, not elsewhere classified",G00,
G001,,Pneumococcal meningitis,Pneumococcal meningitis,G00.1,G00
G008,,Other bacterial meningitis,Other bacterial meningitis,G00.8,G00
G01,,Meningitis in bacterial diseases classified elsewhere,Meningitis in bacterial diseases classified elsewhere,G01,
G04,,"Encephalitis, myelitis and encephalomyelitis","Encephalitis, myelitis and encephalomyelitis",G04,
G049,,"Encephalitis, myelitis and encephalomyelitis, unspecified","Encephalitis, myelitis and encephalomyelitis, unspecified",G04.9,G04
G12,,Spinal muscular atrophy and related syndromes,Spinal muscular atrophy and related syndromes,G12,
G122,,Motor neuron disease,Motor neuron disease,G12.2,G12
G25,,Other extrapyramidal and movement disorders,Other extrapyramidal and movement disorders,G25,
G258,,Other specified extrapyramidal and movement disorders,Other specified extrapyramidal and movement disorders,G25.8,G25
G45,,Transient cerebral ischemic attacks and related syndromes,Transient cerebral ischemic attacks and related syndromes,G45,
G450,,Vertebro-basilar artery syndrome,Vertebro-basilar artery syndrome,G45.0,G45
G52,,Disorders of other cranial nerves,Disorders of other cranial nerves,G52,
G521,,Disorders of glossopharyngeal nerve,Disorders of glossopharyngeal nerve,G52.1,G52
G54,,Nerve root and plexus disorders,Nerve root and plexus disorders,G54,
G541,,Lumbosacral plexus disorders,Lumbosacral plexus disorders,G54.1,G54
H022,,Lagophthalmos,Lagophthalmos,H02.2,H02
G62,,Other and unspecified polyneuropathies,Other and unspecified polyneuropathies,G62,
G629,,"Polyneuropathy, unspecified","Polyneuropathy, unspecified",G62.9,G62
G802,,Spastic hemiplegic cerebral palsy,Spastic hemiplegic cerebral palsy,G80.2,G80
G96,,Other disorders of central nervous system,Other disorders of central nervous system,G96,
G961,,"Disorders of meninges, not elsewhere classified","Disorders of meninges, not elsewhere classified",G96.1,G96
G97,,"Intraop and postproc comp and disorders of nervous sys, NEC","Intraoperative and postprocedural complications and disorders of nervous system, not elsewhere classified",G97,
G978,,Oth intraop and postproc comp and disorders of nervous sys,Other intraoperative and postprocedural complications and disorders of nervous system,G97.8,G97
H00,,Hordeolum and chalazion,Hordeolum and chalazion,H00,
H000,,Hordeolum (externum) (internum) of eyelid,Hordeolum (externum) (internum) of eyelid,H00.0,H00
H01,,Other inflammation of eyelid,Other inflammation of eyelid,H01,
H011,,Noninfectious dermatoses of eyelid,Noninfectious dermatoses of eyelid,H01.1,H01
H02,,Other disorders of eyelid,Other disorders of eyelid,H02,
H021,,Ectropion of eyelid,Ectropion of eyelid,H02.1,H02
H025,,Other disorders affecting eyelid function,Other disorders affecting eyelid function,H02.5,H02
H028,,Other specified disorders of eyelid,Other specified disorders of eyelid,H02.8,H02
H042,,Epiphora,Epiphora,H04.2,H04
H045,,Stenosis and insufficiency of lacrimal passages,Stenosis and insufficiency of lacrimal passages,H04.5,H04
H046,,Other changes of lacrimal passages,Other changes of lacrimal passages,H04.6,H04
H052,,Exophthalmic conditions,Exophthalmic conditions,H05.2,H05
H055,,Retained (old) fb following penetrating wound of orbit,Retained (old) foreign body following penetrating wound of orbit,H05.5,H05
H10,,Conjunctivitis,Conjunctivitis,H10,
H104,,Chronic conjunctivitis,Chronic conjunctivitis,H10.4,H10
H105,,Blepharoconjunctivitis,Blepharoconjunctivitis,H10.5,H10
H11,,Other disorders of conjunctiva,Other disorders of conjunctiva,H11,
H113,,Conjunctival hemorrhage,Conjunctival hemorrhage,H11.3,H11
H26,,Other cataract,Other cataract,H26,
H16,,Keratitis,Keratitis,H16,
H161,,Other and unsp superficial keratitis without conjunctivitis,Other and unspecified superficial keratitis without conjunctivitis,H16.1,H16
H162,,Keratoconjunctivitis,Keratoconjunctivitis,H16.2,H16
H18,,Other disorders of cornea,Other disorders of cornea,H18,
H180,,Corneal pigmentations and deposits,Corneal pigmentations and deposits,H18.0,H18
H182,,Other and unspecified corneal edema,Other and unspecified corneal edema,H18.2,H18
H184,,Corneal degeneration,Corneal degeneration,H18.4,H18
H185,,Hereditary corneal dystrophies,Hereditary corneal dystrophies,H18.5,H18
H21,,Other disorders of iris and ciliary body,Other disorders of iris and ciliary body,H21,
H212,,Degeneration of iris and ciliary body,Degeneration of iris and ciliary body,H21.2,H21
H311,,Choroidal degeneration,Choroidal degeneration,H31.1,H31
H213,,"Cyst of iris, ciliary body and anterior chamber","Cyst of iris, ciliary body and anterior chamber",H21.3,H21
H25,,Age-related cataract,Age-related cataract,H25,
H250,,Age-related incipient cataract,Age-related incipient cataract,H25.0,H25
H251,,Age-related nuclear cataract,Age-related nuclear cataract,H25.1,H25
H258,,Other age-related cataract,Other age-related cataract,H25.8,H25
H260,,Infantile and juvenile cataract,Infantile and juvenile cataract,H26.0,H26
H264,,Secondary cataract,Secondary cataract,H26.4,H26
H268,,Other specified cataract,Other specified cataract,H26.8,H26
H27,,Other disorders of lens,Other disorders of lens,H27,
H300,,Focal chorioretinal inflammation,Focal chorioretinal inflammation,H30.0,H30
H308,,Other chorioretinal inflammations,Other chorioretinal inflammations,H30.8,H30
H31,,Other disorders of choroid,Other disorders of choroid,H31,
H310,,Chorioretinal scars,Chorioretinal scars,H31.0,H31
H314,,Choroidal detachment,Choroidal detachment,H31.4,H31
H33,,Retinal detachments and breaks,Retinal detachments and breaks,H33,
H330,,Retinal detachment with retinal break,Retinal detachment with retinal break,H33.0,H33
H331,,Retinoschisis and retinal cysts,Retinoschisis and retinal cysts,H33.1,H33
H34,,Retinal vascular occlusions,Retinal vascular occlusions,H34,
H340,,Transient retinal artery occlusion,Transient retinal artery occlusion,H34.0,H34
H35,,Other retinal disorders,Other retinal disorders,H35,
H350,,Background retinopathy and retinal vascular changes,Background retinopathy and retinal vascular changes,H35.0,H35
H43,,Disorders of vitreous body,Disorders of vitreous body,H43,
H433,,Other vitreous opacities,Other vitreous opacities,H43.3,H43
H47,,Other disorders of optic [2nd] nerve and visual pathways,Other disorders of optic [2nd] nerve and visual pathways,H47,
H472,,Optic atrophy,Optic atrophy,H47.2,H47
H473,,Other disorders of optic disc,Other disorders of optic disc,H47.3,H47
H474,,Disorders of optic chiasm,Disorders of optic chiasm,H47.4,H47
H50,,Other strabismus,Other strabismus,H50,
H503,,Intermittent heterotropia,Intermittent heterotropia,H50.3,H50
H540,,"Blindness, both eyes","Blindness, both eyes",H54.0,H54
H52,,Disorders of refraction and accommodation,Disorders of refraction and accommodation,H52,
H522,,Astigmatism,Astigmatism,H52.2,H52
H525,,Disorders of accommodation,Disorders of accommodation,H52.5,H52
H527,,Unspecified disorder of refraction,Unspecified disorder of refraction,H52.7,H52
H53,,Visual disturbances,Visual disturbances,H53,
H536,,Night blindness,Night blindness,H53.6,H53
H538,,Other visual disturbances,Other visual disturbances,H53.8,H53
H54,,Blindness and low vision,Blindness and low vision,H54,
H541,,"Blindness, one eye, low vision other eye","Blindness, one eye, low vision other eye",H54.1,H54
H545,,"Low vision, one eye","Low vision, one eye",H54.5,H54
H546,,"Unqualified visual loss, one eye","Unqualified visual loss, one eye",H54.6,H54
H55,,Nystagmus and other irregular eye movements,Nystagmus and other irregular eye movements,H55,
H57,,Other disorders of eye and adnexa,Other disorders of eye and adnexa,H57,
H570,,Anomalies of pupillary function,Anomalies of pupillary function,H57.0,H57
H578,,Other specified disorders of eye and adnexa,Other specified disorders of eye and adnexa,H57.8,H57
H831,,Labyrinthine fistula,Labyrinthine fistula,H83.1,H83
H602,,Malignant otitis externa,Malignant otitis externa,H60.2,H60
H603,,Other infective otitis externa,Other infective otitis externa,H60.3,H60
H604,,Cholesteatoma of external ear,Cholesteatoma of external ear,H60.4,H60
H605,,Acute noninfective otitis externa,Acute noninfective otitis externa,H60.5,H60
H61,,Other disorders of external ear,Other disorders of external ear,H61,
H611,,Noninfective disorders of pinna,Noninfective disorders of pinna,H61.1,H61
H65,,Nonsuppurative otitis media,Nonsuppurative otitis media,H65,
H651,,Other acute nonsuppurative otitis media,Other acute nonsuppurative otitis media,H65.1,H65
H659,,Unspecified nonsuppurative otitis media,Unspecified nonsuppurative otitis media,H65.9,H65
H70,,Mastoiditis and related conditions,Mastoiditis and related conditions,H70,
H700,,Acute mastoiditis,Acute mastoiditis,H70.0,H70
I06,,Rheumatic aortic valve diseases,Rheumatic aortic valve diseases,I06,
H73,,Other disorders of tympanic membrane,Other disorders of tympanic membrane,H73,
H739,,Unspecified disorder of tympanic membrane,Unspecified disorder of tympanic membrane,H73.9,H73
H80,,Otosclerosis,Otosclerosis,H80,
H809,,Unspecified otosclerosis,Unspecified otosclerosis,H80.9,H80
H81,,Disorders of vestibular function,Disorders of vestibular function,H81,
H819,,Unspecified disorder of vestibular function,Unspecified disorder of vestibular function,H81.9,H81
H83,,Other diseases of inner ear,Other diseases of inner ear,H83,
H832,,Labyrinthine dysfunction,Labyrinthine dysfunction,H83.2,H83
H833,,Noise effects on inner ear,Noise effects on inner ear,H83.3,H83
H838,,Other specified diseases of inner ear,Other specified diseases of inner ear,H83.8,H83
H90,,Conductive and sensorineural hearing loss,Conductive and sensorineural hearing loss,H90,
H903,,"Sensorineural hearing loss, bilateral","Sensorineural hearing loss, bilateral",H90.3,H90
I86,,Varicose veins of other sites,Varicose veins of other sites,I86,
I099,,"Rheumatic heart disease, unspecified","Rheumatic heart disease, unspecified",I09.9,I09
I061,,Rheumatic aortic insufficiency,Rheumatic aortic insufficiency,I06.1,I06
I09,,Other rheumatic heart diseases,Other rheumatic heart diseases,I09,
I25,,Chronic ischemic heart disease,Chronic ischemic heart disease,I25,
I252,,Old myocardial infarction,Old myocardial infarction,I25.2,I25
I40,,Acute myocarditis,Acute myocarditis,I40,
I47,,Paroxysmal tachycardia,Paroxysmal tachycardia,I47,
I479,,"Paroxysmal tachycardia, unspecified","Paroxysmal tachycardia, unspecified",I47.9,I47
I49,,Other cardiac arrhythmias,Other cardiac arrhythmias,I49,
I490,,Ventricular fibrillation and flutter,Ventricular fibrillation and flutter,I49.0,I49
I51,,Complications and ill-defined descriptions of heart disease,Complications and ill-defined descriptions of heart disease,I51,
I518,,Other ill-defined heart diseases,Other ill-defined heart diseases,I51.8,I51
J869,,Pyothorax without fistula,Pyothorax without fistula,J86.9,J86
I74,,Arterial embolism and thrombosis,Arterial embolism and thrombosis,I74,
I69,,Sequelae of cerebrovascular disease,Sequelae of cerebrovascular disease,I69,
I7103,,Dissection of thoracoabdominal aorta,Dissection of thoracoabdominal aorta,I71.03,I710
I698,,Sequelae of other cerebrovascular diseases,Sequelae of other cerebrovascular diseases,I69.8,I69
I70,,Atherosclerosis,Atherosclerosis,I70,
I702,,Atherosclerosis of native arteries of the extremities,Atherosclerosis of native arteries of the extremities,I70.2,I70
I7020,,Unsp atherosclerosis of native arteries of extremities,Unspecified atherosclerosis of native arteries of extremities,I70.20,I702
I719,,"Aortic aneurysm of unspecified site, without rupture","Aortic aneurysm of unspecified site, without rupture",I71.9,I71
I713,,"Abdominal aortic aneurysm, ruptured","Abdominal aortic aneurysm, ruptured",I71.3,I71
I743,,Embolism and thrombosis of arteries of the lower extremities,Embolism and thrombosis of arteries of the lower extremities,I74.3,I74
I80,,Phlebitis and thrombophlebitis,Phlebitis and thrombophlebitis,I80,
I801,,Phlebitis and thrombophlebitis of femoral vein,Phlebitis and thrombophlebitis of femoral vein,I80.1,I80
K112,,Sialoadenitis,Sialoadenitis,K11.2,K11
I861,,Scrotal varices,Scrotal varices,I86.1,I86
J383,,Other diseases of vocal cords,Other diseases of vocal cords,J38.3,J38
I87,,Other disorders of veins,Other disorders of veins,I87,
I872,,Venous insufficiency (chronic) (peripheral),Venous insufficiency (chronic) (peripheral),I87.2,I87
I89,,Oth noninfective disorders of lymphatic vessels and nodes,Other noninfective disorders of lymphatic vessels and lymph nodes,I89,
I898,,Oth noninfective disorders of lymphatic vessels and nodes,Other specified noninfective disorders of lymphatic vessels and lymph nodes,I89.8,I89
J13,,Pneumonia due to Streptococcus pneumoniae,Pneumonia due to Streptococcus pneumoniae,J13,
J15,,"Bacterial pneumonia, not elsewhere classified","Bacterial pneumonia, not elsewhere classified",J15,
J151,,Pneumonia due to Pseudomonas,Pneumonia due to Pseudomonas,J15.1,J15
J31,,"Chronic rhinitis, nasopharyngitis and pharyngitis","Chronic rhinitis, nasopharyngitis and pharyngitis",J31,
J312,,Chronic pharyngitis,Chronic pharyngitis,J31.2,J31
J38,,"Diseases of vocal cords and larynx, not elsewhere classified","Diseases of vocal cords and larynx, not elsewhere classified",J38,
J39,,Other diseases of upper respiratory tract,Other diseases of upper respiratory tract,J39,
J390,,Retropharyngeal and parapharyngeal abscess,Retropharyngeal and parapharyngeal abscess,J39.0,J39
J392,,Other diseases of pharynx,Other diseases of pharynx,J39.2,J39
J95,,"Intraop and postproc comp and disorders of resp sys, NEC","Intraoperative and postprocedural complications and disorders of respiratory system, not elsewhere classified",J95,
J951,,Acute pulmonary insufficiency following thoracic surgery,Acute pulmonary insufficiency following thoracic surgery,J95.1,J95
J96,,"Respiratory failure, not elsewhere classified","Respiratory failure, not elsewhere classified",J96,
J969,,"Respiratory failure, unspecified","Respiratory failure, unspecified",J96.9,J96
K00,,Disorders of tooth development and eruption,Disorders of tooth development and eruption,K00,
K008,,Other disorders of tooth development,Other disorders of tooth development,K00.8,K00
K04,,Diseases of pulp and periapical tissues,Diseases of pulp and periapical tissues,K04,
K046,,Periapical abscess with sinus,Periapical abscess with sinus,K04.6,K04
K06,,Other disorders of gingiva and edentulous alveolar ridge,Other disorders of gingiva and edentulous alveolar ridge,K06,
K060,,Gingival recession,Gingival recession,K06.0,K06
K46,,Unspecified abdominal hernia,Unspecified abdominal hernia,K46,
K11,,Diseases of salivary glands,Diseases of salivary glands,K11,
K114,,Fistula of salivary gland,Fistula of salivary gland,K11.4,K11
K14,,Diseases of tongue,Diseases of tongue,K14,
K141,,Geographic tongue,Geographic tongue,K14.1,K14
K22,,Other diseases of esophagus,Other diseases of esophagus,K22,
K222,,Esophageal obstruction,Esophageal obstruction,K22.2,K22
K37,,Unspecified appendicitis,Unspecified appendicitis,K37,
K41,,Femoral hernia,Femoral hernia,K41,
K412,,"Bilateral femoral hernia, without obstruction or gangrene","Bilateral femoral hernia, without obstruction or gangrene",K41.2,K41
K413,,"Unilateral femoral hernia, with obstruction, w/o gangrene","Unilateral femoral hernia, with obstruction, without gangrene",K41.3,K41
K469,,Unspecified abdominal hernia without obstruction or gangrene,Unspecified abdominal hernia without obstruction or gangrene,K46.9,K46
K50,,Crohn's disease [regional enteritis],Crohn's disease [regional enteritis],K50,
K501,,Crohn's disease of large intestine,Crohn's disease of large intestine,K50.1,K50
K56,,Paralytic ileus and intestinal obstruction without hernia,Paralytic ileus and intestinal obstruction without hernia,K56,
K566,,Other and unspecified intestinal obstruction,Other and unspecified intestinal obstruction,K56.6,K56
K59,,Other functional intestinal disorders,Other functional intestinal disorders,K59,
K591,,Functional diarrhea,Functional diarrhea,K59.1,K59
K62,,Other diseases of anus and rectum,Other diseases of anus and rectum,K62,
K623,,Rectal prolapse,Rectal prolapse,K62.3,K62
K76,,Other diseases of liver,Other diseases of liver,K76,
K768,,Other specified diseases of liver,Other specified diseases of liver,K76.8,K76
K82,,Other diseases of gallbladder,Other diseases of gallbladder,K82,
K820,,Obstruction of gallbladder,Obstruction of gallbladder,K82.0,K82
K83,,Other diseases of biliary tract,Other diseases of biliary tract,K83,
K838,,Other specified diseases of biliary tract,Other specified diseases of biliary tract,K83.8,K83
L08,,Other local infections of skin and subcutaneous tissue,Other local infections of skin and subcutaneous tissue,L08,
L089,,"Local infection of the skin and subcutaneous tissue, unsp","Local infection of the skin and subcutaneous tissue, unspecified",L08.9,L08
L40,,Psoriasis,Psoriasis,L40,
L408,,Other psoriasis,Other psoriasis,L40.8,L40
L50,,Urticaria,Urticaria,L50,
L501,,Idiopathic urticaria,Idiopathic urticaria,L50.1,L50
L63,,Alopecia areata,Alopecia areata,L63,
L639,,"Alopecia areata, unspecified","Alopecia areata, unspecified",L63.9,L63
L67,,Hair color and hair shaft abnormalities,Hair color and hair shaft abnormalities,L67,
L679,,"Hair color and hair shaft abnormality, unspecified","Hair color and hair shaft abnormality, unspecified",L67.9,L67
L73,,Other follicular disorders,Other follicular disorders,L73,
L739,,"Follicular disorder, unspecified","Follicular disorder, unspecified",L73.9,L73
L75,,Apocrine sweat disorders,Apocrine sweat disorders,L75,
L752,,Apocrine miliaria,Apocrine miliaria,L75.2,L75
L905,,Scar conditions and fibrosis of skin,Scar conditions and fibrosis of skin,L90.5,L90
L92,,Granulomatous disorders of skin and subcutaneous tissue,Granulomatous disorders of skin and subcutaneous tissue,L92,
L923,,Foreign body granuloma of the skin and subcutaneous tissue,Foreign body granuloma of the skin and subcutaneous tissue,L92.3,L92
L98,,"Oth disorders of skin, subcu, not elsewhere classified","Other disorders of skin and subcutaneous tissue, not elsewhere classified",L98,
L984,,"Non-pressure chronic ulcer of skin, not elsewhere classified","Non-pressure chronic ulcer of skin, not elsewhere classified",L98.4,L98
M103,,Gout due to renal impairment,Gout due to renal impairment,M10.3,M10
M1039,,"Gout due to renal impairment, multiple sites","Gout due to renal impairment, multiple sites",M10.39,M103
M233,,Other meniscus derangements,Other meniscus derangements,M23.3,M23
M203,,Hallux varus (acquired),Hallux varus (acquired),M20.3,M20
M20,,Acquired deformities of fingers and toes,Acquired deformities of fingers and toes,M20,
M204,,Other hammer toe(s) (acquired),Other hammer toe(s) (acquired),M20.4,M20
M21,,Other acquired deformities of limbs,Other acquired deformities of limbs,M21,
M214,,Flat foot [pes planus] (acquired),Flat foot [pes planus] (acquired),M21.4,M21
M23,,Internal derangement of knee,Internal derangement of knee,M23,
M2335,,"Oth meniscus derangements, posterior horn of lat mensc","Other meniscus derangements, posterior horn of lateral meniscus",M23.35,M233
M31,,Other necrotizing vasculopathies,Other necrotizing vasculopathies,M31,
M314,,Aortic arch syndrome [Takayasu],Aortic arch syndrome [Takayasu],M31.4,M31
M35,,Other systemic involvement of connective tissue,Other systemic involvement of connective tissue,M35,
M353,,Polymyalgia rheumatica,Polymyalgia rheumatica,M35.3,M35
M359,,"Systemic involvement of connective tissue, unspecified","Systemic involvement of connective tissue, unspecified",M35.9,M35
M46,,Other inflammatory spondylopathies,Other inflammatory spondylopathies,M46,
M460,,Spinal enthesopathy,Spinal enthesopathy,M46.0,M46
M4609,,"Spinal enthesopathy, multiple sites in spine","Spinal enthesopathy, multiple sites in spine",M46.09,M460
M471,,Other spondylosis with myelopathy,Other spondylosis with myelopathy,M47.1,M47
M4714,,"Other spondylosis with myelopathy, thoracic region","Other spondylosis with myelopathy, thoracic region",M47.14,M471
M51,,"Thoracic, thoracolum, and lumbosacral intvrt disc disorders","Thoracic, thoracolumbar, and lumbosacral intervertebral disc disorders",M51,
M513,,"Oth thoracic, thrclm and lumbosacr intvrt disc degeneration","Other thoracic, thoracolumbar and lumbosacral intervertebral disc degeneration",M51.3,M51
M543,,Sciatica,Sciatica,M54.3,M54
M77,,Other enthesopathies,Other enthesopathies,M77,
M770,,Medial epicondylitis,Medial epicondylitis,M77.0,M77
M84,,Disorder of continuity of bone,Disorder of continuity of bone,M84,
M844,,"Pathological fracture, not elsewhere classified","Pathological fracture, not elsewhere classified",M84.4,M84
M8443,,"Pathological fracture, ulna and radius","Pathological fracture, ulna and radius",M84.43,M844
M853,,Osteitis condensans,Osteitis condensans,M85.3,M85
M85,,Other disorders of bone density and structure,Other disorders of bone density and structure,M85,
M8539,,"Osteitis condensans, multiple sites","Osteitis condensans, multiple sites",M85.39,M853
M87,,Osteonecrosis,Osteonecrosis,M87,
M870,,Idiopathic aseptic necrosis of bone,Idiopathic aseptic necrosis of bone,M87.0,M87
M8707,,"Idiopathic aseptic necrosis of ankle, foot and toes","Idiopathic aseptic necrosis of ankle, foot and toes",M87.07,M870
M91,,Juvenile osteochondrosis of hip and pelvis,Juvenile osteochondrosis of hip and pelvis,M91,
M919,,"Juvenile osteochondrosis of hip and pelvis, unspecified","Juvenile osteochondrosis of hip and pelvis, unspecified",M91.9,M91
M92,,Other juvenile osteochondrosis,Other juvenile osteochondrosis,M92,
M923,,"Other juvenile osteochondrosis, upper limb","Other juvenile osteochondrosis, upper limb",M92.3,M92
N60,,Benign mammary dysplasia,Benign mammary dysplasia,N60,
N35,,Urethral stricture,Urethral stricture,N35,
M94,,Other disorders of cartilage,Other disorders of cartilage,M94,
M942,,Chondromalacia,Chondromalacia,M94.2,M94
M9429,,"Chondromalacia, multiple sites","Chondromalacia, multiple sites",M94.29,M942
M95,,Oth acquired deformities of ms sys and connective tissue,Other acquired deformities of musculoskeletal system and connective tissue,M95,
M955,,Acquired deformity of pelvis,Acquired deformity of pelvis,M95.5,M95
M99,,"Biomechanical lesions, not elsewhere classified","Biomechanical lesions, not elsewhere classified",M99,
M999,,"Biomechanical lesion, unspecified","Biomechanical lesion, unspecified",M99.9,M99
N039,,Chronic nephritic syndrome with unsp morphologic changes,Chronic nephritic syndrome with unspecified morphologic changes,N03.9,N03
N04,,Nephrotic syndrome,Nephrotic syndrome,N04,
N049,,Nephrotic syndrome with unspecified morphologic changes,Nephrotic syndrome with unspecified morphologic changes,N04.9,N04
N17,,Acute kidney failure,Acute kidney failure,N17,
N170,,Acute kidney failure with tubular necrosis,Acute kidney failure with tubular necrosis,N17.0,N17
N28,,"Oth disorders of kidney and ureter, not elsewhere classified","Other disorders of kidney and ureter, not elsewhere classified",N28,
N288,,Other specified disorders of kidney and ureter,Other specified disorders of kidney and ureter,N28.8,N28
N31,,"Neuromuscular dysfunction of bladder, NEC","Neuromuscular dysfunction of bladder, not elsewhere classified",N31,
N318,,Other neuromuscular dysfunction of bladder,Other neuromuscular dysfunction of bladder,N31.8,N31
N32,,Other disorders of bladder,Other disorders of bladder,N32,
N328,,Other specified disorders of bladder,Other specified disorders of bladder,N32.8,N32
N359,,"Urethral stricture, unspecified","Urethral stricture, unspecified",N35.9,N35
N36,,Other disorders of urethra,Other disorders of urethra,N36,
N368,,Other specified disorders of urethra,Other specified disorders of urethra,N36.8,N36
N39,,Other disorders of urinary system,Other disorders of urinary system,N39,
N394,,Other specified urinary incontinence,Other specified urinary incontinence,N39.4,N39
N41,,Inflammatory diseases of prostate,Inflammatory diseases of prostate,N41,
N412,,Abscess of prostate,Abscess of prostate,N41.2,N41
N413,,Prostatocystitis,Prostatocystitis,N41.3,N41
N609,,Unspecified benign mammary dysplasia,Unspecified benign mammary dysplasia,N60.9,N60
N63,,Unspecified lump in breast,Unspecified lump in breast,N63,
N64,,Other disorders of breast,Other disorders of breast,N64,
N641,,Fat necrosis of breast,Fat necrosis of breast,N64.1,N64
N72,,Inflammatory disease of cervix uteri,Inflammatory disease of cervix uteri,N72,
N80,,Endometriosis,Endometriosis,N80,
N808,,Other endometriosis,Other endometriosis,N80.8,N80
N81,,Female genital prolapse,Female genital prolapse,N81,
N813,,Complete uterovaginal prolapse,Complete uterovaginal prolapse,N81.3,N81
N84,,Polyp of female genital tract,Polyp of female genital tract,N84,
N842,,Polyp of vagina,Polyp of vagina,N84.2,N84
N88,,Other noninflammatory disorders of cervix uteri,Other noninflammatory disorders of cervix uteri,N88,
N888,,Other specified noninflammatory disorders of cervix uteri,Other specified noninflammatory disorders of cervix uteri,N88.8,N88
N89,,Other noninflammatory disorders of vagina,Other noninflammatory disorders of vagina,N89,
N896,,Tight hymenal ring,Tight hymenal ring,N89.6,N89
N898,,Other specified noninflammatory disorders of vagina,Other specified noninflammatory disorders of vagina,N89.8,N89
N90,,Other noninflammatory disorders of vulva and perineum,Other noninflammatory disorders of vulva and perineum,N90,
N906,,Hypertrophy of vulva,Hypertrophy of vulva,N90.6,N90
N908,,Oth noninflammatory disorders of vulva and perineum,Other specified noninflammatory disorders of vulva and perineum,N90.8,N90
N93,,Other abnormal uterine and vaginal bleeding,Other abnormal uterine and vaginal bleeding,N93,
N939,,"Abnormal uterine and vaginal bleeding, unspecified","Abnormal uterine and vaginal bleeding, unspecified",N93.9,N93
N94,,Pain and oth cond assoc w fem gntl org and menstrual cycle,Pain and other conditions associated with female genital organs and menstrual cycle,N94,
N949,,Unsp cond assoc w female genital organs and menstrual cycle,Unspecified condition associated with female genital organs and menstrual cycle,N94.9,N94
O00,,Ectopic pregnancy,Ectopic pregnancy,O00,
O008,,Other ectopic pregnancy,Other ectopic pregnancy,O00.8,O00
O07,,Failed attempted termination of pregnancy,Failed attempted termination of pregnancy,O07,
O073,,Failed attempted term of pregnancy w oth and unsp comp,Failed attempted termination of pregnancy with other and unspecified complications,O07.3,O07
P082,,"Late newborn, not heavy for gestational age","Late newborn, not heavy for gestational age",P08.2,P08
P00,,NB aff by matern cond that may be unrelated to present preg,Newborn (suspected to be) affected by maternal conditions that may be unrelated to present pregnancy,P00,
P005,,Newborn (suspected to be) affected by maternal injury,Newborn (suspected to be) affected by maternal injury,P00.5,P00
P006,,Newborn affected by surgical procedure on mother,Newborn (suspected to be) affected by surgical procedure on mother,P00.6,P00
P01,,Newborn affected by maternal complications of pregnancy,Newborn (suspected to be) affected by maternal complications of pregnancy,P01,
P011,,Newborn (suspected to be) affected by premature ROM,Newborn (suspected to be) affected by premature rupture of membranes,P01.1,P01
P013,,Newborn (suspected to be) affected by polyhydramnios,Newborn (suspected to be) affected by polyhydramnios,P01.3,P01
P08,,Disord of newborn related to long gest and high birth weight,Disorders of newborn related to long gestation and high birth weight,P08,
P13,,Birth injury to skeleton,Birth injury to skeleton,P13,
P134,,Fracture of clavicle due to birth injury,Fracture of clavicle due to birth injury,P13.4,P13
P25,,Interstit emphysema and rel cond origin in perinat period,Interstitial emphysema and related conditions originating in the perinatal period,P25,
P250,,Interstitial emphysema originating in the perinatal period,Interstitial emphysema originating in the perinatal period,P25.0,P25
P28,,Oth respiratory conditions origin in the perinatal period,Other respiratory conditions originating in the perinatal period,P28,
P280,,Primary atelectasis of newborn,Primary atelectasis of newborn,P28.0,P28
P39,,Other infections specific to the perinatal period,Other infections specific to the perinatal period,P39,
P398,,Other specified infections specific to the perinatal period,Other specified infections specific to the perinatal period,P39.8,P39
P52,,Intracranial nontraumatic hemorrhage of newborn,Intracranial nontraumatic hemorrhage of newborn,P52,
P61,,Other perinatal hematological disorders,Other perinatal hematological disorders,P61,
P523,,Unsp intraventricular (nontraumatic) hemorrhage of newborn,Unspecified intraventricular (nontraumatic) hemorrhage of newborn,P52.3,P52
P610,,Transient neonatal thrombocytopenia,Transient neonatal thrombocytopenia,P61.0,P61
P611,,Polycythemia neonatorum,Polycythemia neonatorum,P61.1,P61
R04,,Hemorrhage from respiratory passages,Hemorrhage from respiratory passages,R04,
R042,,Hemoptysis,Hemoptysis,R04.2,R04
R06,,Abnormalities of breathing,Abnormalities of breathing,R06,
R061,,Stridor,Stridor,R06.1,R06
R12,,Heartburn,Heartburn,R12,
R13,,Aphagia and dysphagia,Aphagia and dysphagia,R13,
R16,,"Hepatomegaly and splenomegaly, not elsewhere classified","Hepatomegaly and splenomegaly, not elsewhere classified",R16,
R161,,"Splenomegaly, not elsewhere classified","Splenomegaly, not elsewhere classified",R16.1,R16
R21,,Rash and other nonspecific skin eruption,Rash and other nonspecific skin eruption,R21,
R29,,Oth symptoms and signs involving the nervous and ms systems,Other symptoms and signs involving the nervous and musculoskeletal systems,R29,
R36,,Urethral discharge,Urethral discharge,R36,
R47,,"Speech disturbances, not elsewhere classified","Speech disturbances, not elsewhere classified",R47,
R478,,Other speech disturbances,Other speech disturbances,R47.8,R47
R53,,Malaise and fatigue,Malaise and fatigue,R53,
R78,,"Find of drugs and oth substnc, not normally found in blood","Findings of drugs and other substances, not normally found in blood",R78,
R780,,Finding of alcohol in blood,Finding of alcohol in blood,R78.0,R78
R91,,Abnormal findings on diagnostic imaging of lung,Abnormal findings on diagnostic imaging of lung,R91,
R93,,Abnormal findings on diagnostic imaging of body structures,Abnormal findings on diagnostic imaging of other body structures,R93,
R933,,Abnormal findings on dx imaging of prt digestive tract,Abnormal findings on diagnostic imaging of other parts of digestive tract,R93.3,R93
R94,,Abnormal results of function studies,Abnormal results of function studies,R94,
R941,,Abn results of functn studies of prph nrv sys & specl senses,Abnormal results of function studies of peripheral nervous system and special senses,R94.1,R94
R948,,Abnormal results of function studies of organs and systems,Abnormal results of function studies of other organs and systems,R94.8,R94
S36,,Injury of intra-abdominal organs,Injury of intra-abdominal organs,S36,
S01,,Open wound of head,Open wound of head,S01,
B263,,Mumps pancreatitis,Mumps pancreatitis,B26.3,B26
S0122,,Laceration with foreign body of nose,Laceration with foreign body of nose,S01.22,S012
S0123,,Puncture wound without foreign body of nose,Puncture wound without foreign body of nose,S01.23,S012
S015,,Open wound of lip and oral cavity,Open wound of lip and oral cavity,S01.5,S01
S0152,,Laceration of lip and oral cavity with foreign body,Laceration of lip and oral cavity with foreign body,S01.52,S015
S018,,Open wound of other parts of head,Open wound of other parts of head,S01.8,S01
S0180,,Unspecified open wound of other part of head,Unspecified open wound of other part of head,S01.80,S018
S0265,,Fracture of angle of mandible,Fracture of angle of mandible,S02.65,S026
S02,,Fracture of skull and facial bones,Fracture of skull and facial bones,S02,
S026,,Fracture of mandible,Fracture of mandible,S02.6,S02
S04,,Injury of cranial nerve,Injury of cranial nerve,S04,
S049,,Injury of unspecified cranial nerve,Injury of unspecified cranial nerve,S04.9,S04
S052,,Ocular lac/rupt w prolapse or loss of intraocular tissue,Ocular laceration and rupture with prolapse or loss of intraocular tissue,S05.2,S05
S055,,Penetrating wound with foreign body of eyeball,Penetrating wound with foreign body of eyeball,S05.5,S05
S056,,Penetrating wound without foreign body of eyeball,Penetrating wound without foreign body of eyeball,S05.6,S05
S2410,,Unspecified injury of thoracic spinal cord,Unspecified injury of thoracic spinal cord,S24.10,S241
S118,,Open wound of other specified parts of neck,Open wound of other specified parts of neck,S11.8,S11
S1180,,Unspecified open wound of other specified part of neck,Unspecified open wound of other specified part of neck,S11.80,S118
S1413,,Anterior cord syndrome of cervical spinal cord,Anterior cord syndrome of cervical spinal cord,S14.13,S141
S13,,Dislocation and sprain of joints and ligaments at neck level,Dislocation and sprain of joints and ligaments at neck level,S13,
S131,,Subluxation and dislocation of cervical vertebrae,Subluxation and dislocation of cervical vertebrae,S13.1,S13
S1313,,Subluxation and dislocation of C2/C3 cervical vertebrae,Subluxation and dislocation of C2/C3 cervical vertebrae,S13.13,S131
S32,,Fracture of lumbar spine and pelvis,Fracture of lumbar spine and pelvis,S32,
S14,,Injury of nerves and spinal cord at neck level,Injury of nerves and spinal cord at neck level,S14,
S141,,Other and unspecified injuries of cervical spinal cord,Other and unspecified injuries of cervical spinal cord,S14.1,S14
S1411,,Complete lesion of cervical spinal cord,Complete lesion of cervical spinal cord,S14.11,S141
Z523,,Bone marrow donor,Bone marrow donor,Z52.3,Z52
C70,,Malignant neoplasm of meninges,Malignant neoplasm of meninges,C70,
S22,,"Fracture of rib(s), sternum and thoracic spine","Fracture of rib(s), sternum and thoracic spine",S22,
S220,,Fracture of thoracic vertebra,Fracture of thoracic vertebra,S22.0,S22
S2200,,Fracture of unspecified thoracic vertebra,Fracture of unspecified thoracic vertebra,S22.00,S220
S24,,Injury of nerves and spinal cord at thorax level,Injury of nerves and spinal cord at thorax level,S24,
S241,,Other and unspecified injuries of thoracic spinal cord,Other and unspecified injuries of thoracic spinal cord,S24.1,S24
S242,,Injury of nerve root of thoracic spine,Injury of nerve root of thoracic spine,S24.2,S24
S25,,Injury of blood vessels of thorax,Injury of blood vessels of thorax,S25,
S253,,Injury of innominate or subclavian vein,Injury of innominate or subclavian vein,S25.3,S25
S27,,Injury of other and unspecified intrathoracic organs,Injury of other and unspecified intrathoracic organs,S27,
S271,,Traumatic hemothorax,Traumatic hemothorax,S27.1,S27
S30,,"Superfic inj abdomen, low back, pelvis and external genitals","Superficial injury of abdomen, lower back, pelvis and external genitals",S30,
S301,,Contusion of abdominal wall,Contusion of abdominal wall,S30.1,S30
L44,,Other papulosquamous disorders,Other papulosquamous disorders,L44,
S328,,Fracture of other parts of pelvis,Fracture of other parts of pelvis,S32.8,S32
S3281,,Multiple fractures of pelvis with disruption of pelvic ring,Multiple fractures of pelvis with disruption of pelvic ring,S32.81,S328
L441,,Lichen nitidus,Lichen nitidus,L44.1,L44
S34,,"Inj lower spinl cord and nrv at abd, low back and pelv level","Injury of lumbar and sacral spinal cord and nerves at abdomen, lower back and pelvis level",S34,
S345,,"Injury of lumbar, sacral and pelvic sympathetic nerves","Injury of lumbar, sacral and pelvic sympathetic nerves",S34.5,S34
S35,,"Inj blood vessels at abdomen, low back and pelvis level","Injury of blood vessels at abdomen, lower back and pelvis level",S35,
S354,,Injury of renal blood vessels,Injury of renal blood vessels,S35.4,S35
S3653,,Laceration of colon,Laceration of colon,S36.53,S365
S37,,Injury of urinary and pelvic organs,Injury of urinary and pelvic organs,S37,
S371,,Injury of ureter,Injury of ureter,S37.1,S37
S372,,Injury of bladder,Injury of bladder,S37.2,S37
S3720,,Unspecified injury of bladder,Unspecified injury of bladder,S37.20,S372
S379,,Injury of unspecified urinary and pelvic organ,Injury of unspecified urinary and pelvic organ,S37.9,S37
S44,,Injury of nerves at shoulder and upper arm level,Injury of nerves at shoulder and upper arm level,S44,
S442,,Injury of radial nerve at upper arm level,Injury of radial nerve at upper arm level,S44.2,S44
S522,,Fracture of shaft of ulna,Fracture of shaft of ulna,S52.2,S52
S5221,,Greenstick fracture of shaft of ulna,Greenstick fracture of shaft of ulna,S52.21,S522
S012,,Open wound of nose,Open wound of nose,S01.2,S01
S7211,,Fracture of greater trochanter of femur,Fracture of greater trochanter of femur,S72.11,S721
S721,,Pertrochanteric fracture,Pertrochanteric fracture,S72.1,S72
S640,,Injury of ulnar nerve at wrist and hand level,Injury of ulnar nerve at wrist and hand level,S64.0,S64
S67,,"Crushing injury of wrist, hand and fingers","Crushing injury of wrist, hand and fingers",S67,
S670,,Crushing injury of thumb,Crushing injury of thumb,S67.0,S67
S69,,"Other and unspecified injuries of wrist, hand and finger(s)","Other and unspecified injuries of wrist, hand and finger(s)",S69,
S699,,"Unspecified injury of wrist, hand and finger(s)","Unspecified injury of wrist, hand and finger(s)",S69.9,S69
Z52,,Donors of organs and tissues,Donors of organs and tissues,Z52,
S72,,Fracture of femur,Fracture of femur,S72,
T15,,Foreign body on external eye,Foreign body on external eye,T15,
S722,,Subtrochanteric fracture of femur,Subtrochanteric fracture of femur,S72.2,S72
S723,,Fracture of shaft of femur,Fracture of shaft of femur,S72.3,S72
S724,,Fracture of lower end of femur,Fracture of lower end of femur,S72.4,S72
S7243,,Fracture of medial condyle of femur,Fracture of medial condyle of femur,S72.43,S724
S74,,Injury of nerves at hip and thigh level,Injury of nerves at hip and thigh level,S74,
S748,,Injury of other nerves at hip and thigh level,Injury of other nerves at hip and thigh level,S74.8,S74
S81,,Open wound of knee and lower leg,Open wound of knee and lower leg,S81,
T676,,"Heat fatigue, transient","Heat fatigue, transient",T67.6,T67
T701,,Sinus barotrauma,Sinus barotrauma,T70.1,T70
S90,,"Superficial injury of ankle, foot and toes","Superficial injury of ankle, foot and toes",S90,
S902,,Contusion of toe with damage to nail,Contusion of toe with damage to nail,S90.2,S90
S93,,"Disloc & sprain of joints & ligaments at ankl, ft & toe lev","Dislocation and sprain of joints and ligaments at ankle, foot and toe level",S93,
T874,,Infection of amputation stump,Infection of amputation stump,T87.4,T87
T158,,Foreign body in other and multiple parts of external eye,Foreign body in other and multiple parts of external eye,T15.8,T15
T189,,"Foreign body of alimentary tract, part unspecified","Foreign body of alimentary tract, part unspecified",T18.9,T18
H270,,Aphakia,Aphakia,H27.0,H27
T51,,Toxic effect of alcohol,Toxic effect of alcohol,T51,
A011,,Paratyphoid fever A,Paratyphoid fever A,A01.1,A01
T271,,Burn involving larynx and trachea with lung,Burn involving larynx and trachea with lung,T27.1,T27
T36,,Systemic antibiotics,"Poisoning by, adverse effect of and underdosing of systemic antibiotics",T36,
T361,,Cephalospor/oth beta-lactm antibiotics,"Poisoning by, adverse effect of and underdosing of cephalosporins and other beta-lactam antibiotics",T36.1,T36
T38,,"Hormones and their synthetic substitutes and antag, NEC","Poisoning by, adverse effect of and underdosing of hormones and their synthetic substitutes and antagonists, not elsewhere classified",T38,
T387,,Androgens and anabolic congeners,"Poisoning by, adverse effect of and underdosing of androgens and anabolic congeners",T38.7,T38
T388,,And unsp hormones and synthetic substitutes,"Poisoning by, adverse effect of and underdosing of other and unspecified hormones and synthetic substitutes",T38.8,T38
T42,,"Antiepileptic, sedative- hypnotic and antiparkinsonism drugs","Poisoning by, adverse effect of and underdosing of antiepileptic, sedative- hypnotic and antiparkinsonism drugs",T42,
T424,,Benzodiazepines,"Poisoning by, adverse effect of and underdosing of benzodiazepines",T42.4,T42
T426,,Antiepileptic and sedative-hypnotic drugs,"Poisoning by, adverse effect of and underdosing of other antiepileptic and sedative-hypnotic drugs",T42.6,T42
T43,,"Psychotropic drugs, not elsewhere classified","Poisoning by, adverse effect of and underdosing of psychotropic drugs, not elsewhere classified",T43,
T433,,Phenothiazine antipsychotics and neuroleptics,"Poisoning by, adverse effect of and underdosing of phenothiazine antipsychotics and neuroleptics",T43.3,T43
T439,,Unsp psychotropic drug,"Poisoning by, adverse effect of and underdosing of unspecified psychotropic drug",T43.9,T43
T44,,Drugs primarily affecting the autonomic nervous system,"Poisoning by, adverse effect of and underdosing of drugs primarily affecting the autonomic nervous system",T44,
T449,,And unsp drugs aff the autonomic nervous system,"Poisoning by, adverse effect of and underdosing of other and unspecified drugs primarily affecting the autonomic nervous system",T44.9,T44
T45,,"Primarily systemic and hematological agents, NEC","Poisoning by, adverse effect of and underdosing of primarily systemic and hematological agents, not elsewhere classified",T45,
T459,,Unsp primarily systemic and hematological agent,"Poisoning by, adverse effect of and underdosing of unspecified primarily systemic and hematological agent",T45.9,T45
T46,,Agents primarily affecting the cardiovascular system,"Poisoning by, adverse effect of and underdosing of agents primarily affecting the cardiovascular system",T46,
T468,,"Antivaricose drugs, including sclerosing agents","Poisoning by, adverse effect of and underdosing of antivaricose drugs, including sclerosing agents",T46.8,T46
T469,,And unsp agents primarily affecting the cardiovascular sys,"Poisoning by, adverse effect of and underdosing of other and unspecified agents primarily affecting the cardiovascular system",T46.9,T46
T48,,Agents prim act on smooth and skeletal musc and the resp sys,"Poisoning by, adverse effect of and underdosing of agents primarily acting on smooth and skeletal muscles and the respiratory system",T48,
T483,,Antitussives,"Poisoning by, adverse effect of and underdosing of antitussives",T48.3,T48
T50,,Diuretics and oth and unsp drug/meds/biol subst,"Poisoning by, adverse effect of and underdosing of diuretics and other and unspecified drugs, medicaments and biological substances",T50,
T502,,"Carbonic-anhydrase inhibitors, benzo/oth diuretc","Poisoning by, adverse effect of and underdosing of carbonic-anhydrase inhibitors, benzothiadiazides and other diuretics",T50.2,T50
T509,,"And unsp drugs, medicaments and biological substances","Poisoning by, adverse effect of and underdosing of other and unspecified drugs, medicaments and biological substances",T50.9,T50
T512,,Toxic effect of 2-Propanol,Toxic effect of 2-Propanol,T51.2,T51
T513,,Toxic effect of fusel oil,Toxic effect of fusel oil,T51.3,T51
T56,,Toxic effect of metals,Toxic effect of metals,T56,
T560,,Toxic effects of lead and its compounds,Toxic effects of lead and its compounds,T56.0,T56
T59,,"Toxic effect of other gases, fumes and vapors","Toxic effect of other gases, fumes and vapors",T59,
T599,,"Toxic effect of unspecified gases, fumes and vapors","Toxic effect of unspecified gases, fumes and vapors",T59.9,T59
T65,,Toxic effect of other and unspecified substances,Toxic effect of other and unspecified substances,T65,
T658,,Toxic effect of other specified substances,Toxic effect of other specified substances,T65.8,T65
T659,,Toxic effect of unspecified substance,Toxic effect of unspecified substance,T65.9,T65
T67,,Effects of heat and light,Effects of heat and light,T67,
T70,,Effects of air pressure and water pressure,Effects of air pressure and water pressure,T70,
T75,,Other and unspecified effects of other external causes,Other and unspecified effects of other external causes,T75,
T81,,"Complications of procedures, not elsewhere classified","Complications of procedures, not elsewhere classified",T81,
T815,,Comp of foreign body acc left in body following procedure,Complications of foreign body accidentally left in body following procedure,T81.5,T81
T82,,Complications of cardiac and vascular prosth dev/grft,"Complications of cardiac and vascular prosthetic devices, implants and grafts",T82,
T828,,Oth complications of cardiac and vascular prosth dev/grft,"Other specified complications of cardiac and vascular prosthetic devices, implants and grafts",T82.8,T82
T84,,Complications of internal orthopedic prosth dev/grft,"Complications of internal orthopedic prosthetic devices, implants and grafts",T84,
T845,,Infect/inflm reaction due to internal joint prosthesis,Infection and inflammatory reaction due to internal joint prosthesis,T84.5,T84
T848,,Oth complications of internal orthopedic prosth dev/grft,"Other specified complications of internal orthopedic prosthetic devices, implants and grafts",T84.8,T84
T87,,Complications peculiar to reattachment and amputation,Complications peculiar to reattachment and amputation,T87,
T871,,Complications of reattached (part of) lower extremity,Complications of reattached (part of) lower extremity,T87.1,T87
T442,,Ganglionic blocking drugs,"Poisoning by, adverse effect of and underdosing of ganglionic blocking drugs",T44.2,T44
V29,,Motorcycle rider injured in oth and unsp transport accidents,Motorcycle rider injured in other and unspecified transport accidents,V29,
V291,,Mtrcy passenger injured in clsn w oth and unsp mv nontraf,Motorcycle passenger injured in collision with other and unspecified motor vehicles in nontraffic accident,V29.1,V29
V2919,,Motorcycle passenger injured in collision w oth mv nontraf,Motorcycle passenger injured in collision with other motor vehicles in nontraffic accident,V29.19,V291
S52,,Fracture of forearm,Fracture of forearm,S52,
Z34,,Encounter for supervision of normal pregnancy,Encounter for supervision of normal pregnancy,Z34,
C60,,Malignant neoplasm of penis,Malignant neoplasm of penis,C60,
D22,,Melanocytic nevi,Melanocytic nevi,D22,
S343,,Injury of cauda equina,Injury of cauda equina,S34.3,S34
T27,,Burn and corrosion of respiratory tract,Burn and corrosion of respiratory tract,T27,
A01,,Typhoid and paratyphoid fevers,Typhoid and paratyphoid fevers,A01,
Z115,,Encounter for screening for other viral diseases,Encounter for screening for other viral diseases,Z11.5,Z11
Z22,,Carrier of infectious disease,Carrier of infectious disease,Z22,
Z20,,Contact w and (suspected) exposure to communicable diseases,Contact with and (suspected) exposure to communicable diseases,Z20,
Z01,,"Encntr for oth sp exam w/o complaint, suspected or reprtd dx","Encounter for other special examination without complaint, suspected or reported diagnosis",Z01,
Z018,,Encounter for other specified special examinations,Encounter for other specified special examinations,Z01.8,Z01
Z04,,Encounter for examination and observation for other reasons,Encounter for examination and observation for other reasons,Z04,
Z048,,Encounter for examination and observation for oth reasons,Encounter for examination and observation for other specified reasons,Z04.8,Z04
Z049,,Encounter for examination and observation for unsp reason,Encounter for examination and observation for unspecified reason,Z04.9,Z04
Z11,,Encounter for screening for infec/parastc diseases,Encounter for screening for infectious and parasitic diseases,Z11,
Z112,,Encounter for screening for other bacterial diseases,Encounter for screening for other bacterial diseases,Z11.2,Z11
Z118,,Encounter for screening for oth infec/parastc diseases,Encounter for screening for other infectious and parasitic diseases,Z11.8,Z11
Z12,,Encounter for screening for malignant neoplasms,Encounter for screening for malignant neoplasms,Z12,
Z123,,Encounter for screening for malignant neoplasm of breast,Encounter for screening for malignant neoplasm of breast,Z12.3,Z12
Z13,,Encounter for screening for other diseases and disorders,Encounter for screening for other diseases and disorders,Z13,
Z130,,Encntr screen for dis of the bld/bld-form org/immun mechnsm,Encounter for screening for diseases of the blood and blood-forming organs and certain disorders involving the immune mechanism,Z13.0,Z13
Z135,,Encounter for screening for eye and ear disorders,Encounter for screening for eye and ear disorders,Z13.5,Z13
Z138,,Encounter for screening for oth diseases and disorders,Encounter for screening for other specified diseases and disorders,Z13.8,Z13
Z200,,Contact w and exposure to intestinal infectious diseases,Contact with and (suspected) exposure to intestinal infectious diseases,Z20.0,Z20
Z209,,Contact w and exposure to unsp communicable disease,Contact with and (suspected) exposure to unspecified communicable disease,Z20.9,Z20
Z221,,Carrier of other intestinal infectious diseases,Carrier of other intestinal infectious diseases,Z22.1,Z22
Z222,,Carrier of diphtheria,Carrier of diphtheria,Z22.2,Z22
Z225,,Carrier of viral hepatitis,Carrier of viral hepatitis,Z22.5,Z22
Z30,,Encounter for contraceptive management,Encounter for contraceptive management,Z30,
Z304,,Encounter for surveillance of contraceptives,Encounter for surveillance of contraceptives,Z30.4,Z30
Z340,,Encounter for supervision of normal first pregnancy,Encounter for supervision of normal first pregnancy,Z34.0,Z34
Z37,,Outcome of delivery,Outcome of delivery,Z37,
Z370,,Single live birth,Single live birth,Z37.0,Z37
Z373,,"Twins, one liveborn and one stillborn","Twins, one liveborn and one stillborn",Z37.3,Z37
Z41,,Encntr for proc for purposes oth than remedying health state,Encounter for procedures for purposes other than remedying health state,Z41,
Z412,,Encounter for routine and ritual male circumcision,Encounter for routine and ritual male circumcision,Z41.2,Z41
Z43,,Encounter for attention to artificial openings,Encounter for attention to artificial openings,Z43,
Z439,,Encounter for attention to unspecified artificial opening,Encounter for attention to unspecified artificial opening,Z43.9,Z43
Z45,,Encounter for adjustment and management of implanted device,Encounter for adjustment and management of implanted device,Z45,
Z450,,Encounter for adjustment and management of cardiac device,Encounter for adjustment and management of cardiac device,Z45.0,Z45
Z59,,Problems related to housing and economic circumstances,Problems related to housing and economic circumstances,Z59,
Z598,,Other problems related to housing and economic circumstances,Other problems related to housing and economic circumstances,Z59.8,Z59
Z60,,Problems related to social environment,Problems related to social environment,Z60,
Z605,,Target of (perceived) adverse discrimination and persecution,Target of (perceived) adverse discrimination and persecution,Z60.5,Z60
Z71,,"Persons encntr health serv for oth cnsl and med advice, NEC","Persons encountering health services for other counseling and medical advice, not elsewhere classified",Z71,
Z711,,Person w feared hlth complaint in whom no diagnosis is made,Person with feared health complaint in whom no diagnosis is made,Z71.1,Z71
Z718,,Other specified counseling,Other specified counseling,Z71.8,Z71
Z72,,Problems related to lifestyle,Problems related to lifestyle,Z72,
Z725,,High risk sexual behavior,High risk sexual behavior,Z72.5,Z72
Z80,,Family history of primary malignant neoplasm,Family history of primary malignant neoplasm,Z80,
Z806,,Family history of leukemia,Family history of leukemia,Z80.6,Z80
Z83,,Family history of other specific disorders,Family history of other specific disorders,Z83,
Z835,,Family history of eye and ear disorders,Family history of eye and ear disorders,Z83.5,Z83
Z85,,Personal history of malignant neoplasm,Personal history of malignant neoplasm,Z85,
Z852,,Prsnl history of malig neoplm of resp and intrathorac organs,Personal history of malignant neoplasm of other respiratory and intrathoracic organs,Z85.2,Z85
Z854,,Personal history of malignant neoplasm of genital organs,Personal history of malignant neoplasm of genital organs,Z85.4,Z85
Z856,,Personal history of leukemia,Personal history of leukemia,Z85.6,Z85
Z891,,Acquired absence of hand and wrist,Acquired absence of hand and wrist,Z89.1,Z89
Z87,,Personal history of other diseases and conditions,Personal history of other diseases and conditions,Z87,
Z871,,Personal history of diseases of the digestive system,Personal history of diseases of the digestive system,Z87.1,Z87
Z8711,,Personal history of peptic ulcer disease,Personal history of peptic ulcer disease,Z87.11,Z871
Z875,,"Personal history of comp of preg, chldbrth and the puerp","Personal history of complications of pregnancy, childbirth and the puerperium",Z87.5,Z87
Z878,,Personal history of other specified conditions,Personal history of other specified conditions,Z87.8,Z87
Z88,,Allergy status to drug/meds/biol subst,"Allergy status to drugs, medicaments and biological substances",Z88,
Z883,,Allergy status to other anti-infective agents status,Allergy status to other anti-infective agents status,Z88.3,Z88
Z885,,Allergy status to narcotic agent status,Allergy status to narcotic agent status,Z88.5,Z88
Z89,,Acquired absence of limb,Acquired absence of limb,Z89,
Z896,,Acquired absence of leg above knee,Acquired absence of leg above knee,Z89.6,Z89
Z95,,Presence of cardiac and vascular implants and grafts,Presence of cardiac and vascular implants and grafts,Z95,
Z951,,Presence of aortocoronary bypass graft,Presence of aortocoronary bypass graft,Z95.1,Z95
Z96,,Presence of other functional implants,Presence of other functional implants,Z96,
Z966,,Presence of orthopedic joint implants,Presence of orthopedic joint implants,Z96.6,Z96
Z9661,,Presence of artificial shoulder joint,Presence of artificial shoulder joint,Z96.61,Z966
