"Strength","Products (Source ID)","Products (Publisher ID)"
"2MG","28721","IMP"
"21MG","28721","IMP"
"3.75GM","28726","IMP"
"1.2GM","28726","IMP"
"1.05GM","28726","IMP"
"1GM","28726","IMP"
"4MG/5ML","28730","IMP"
"1MG/5ML","28730","IMP"
"40MG/5ML","28730","IMP"
"600MG/5ML","28730","IMP"
"105MG/5ML","28730","IMP"
"20GM/PACKET","28737","IMP"
"3GM/PACKET","28737","IMP"
"3.75GM/PACKET","28737","IMP"
"30MG/100ML","28741","IMP"
"20MG/100ML","28741","IMP"
"6GM/VIAL","28747","IMP"
"40GM/VIAL","28747","IMP"
"4GM/PACKET","28748","IMP"
"2.4GM/PACKET","28748","IMP"
"10GM/PACKET","28748","IMP"
"1GM","28757","IMP"
"1.05GM","28757","IMP"
"3.75GM","28757","IMP"
"1.2GM","28757","IMP"
"6MG","28760","IMP"
"0.375MG","28760","IMP"
"23MG","28760","IMP"
"420MG","28760","IMP"
"425MG","28760","IMP"
"0.25GM/ML","28765","IMP"
"0.5GM/ML","28765","IMP"
"160MG/100ML","28768","IMP"
"40MG/100ML","28768","IMP"
"5MG/ML","28770","IMP"
"3MG/ML","28770","IMP"
"80MG/ML","28770","IMP"
"0.02MG/ML","28770","IMP"
"0.185MG/ML","28772","IMP"
"0.4MG/ML","28772","IMP"
"0.2MG/ML","28772","IMP"
"0.1MG/ML","28772","IMP"
"250MG/5ML","28777","IMP"
"30MG/5ML","28777","IMP"
"3GM/PACKET","28779","IMP"
"10GM/PACKET","28779","IMP"
"20GM/PACKET","28779","IMP"
"5GM/PACKET","28779","IMP"
"4GM/PACKET","28779","IMP"
"100MG/100ML","28780","IMP"
"10MG/100ML","28780","IMP"
"20MG/100ML","28780","IMP"
"160MG/100ML","28780","IMP"
"200MG/100ML","28780","IMP"
"3.75GM","28781","IMP"
"1GM","28781","IMP"
"1.2GM","28781","IMP"
"1.05GM","28781","IMP"
"1.87GM/100ML","28783","IMP"
"38.5GM/100ML","28783","IMP"
"50GM/100ML","28783","IMP"
"20GM/100ML","28783","IMP"
"1.5MG","28789","IMP"
"320MG","28789","IMP"
"0.4MG","28789","IMP"
"105MG","28789","IMP"
"20MG","28789","IMP"
"0.12MG/ML","28800","IMP"
"0.6MG/ML","28800","IMP"
"0.1MG/ML","28800","IMP"
"3MG/ML","28800","IMP"
"0.5MG/ML","28800","IMP"
"125MG/VIAL","28823","IMP"
"0.005MG/VIAL","28823","IMP"
"3.2MG/VIAL","28823","IMP"
"30MG/VIAL","28823","IMP"
"0.04MG/VIAL","28823","IMP"
"7.7GM/100ML","28826","IMP"
"2.5GM/100ML","28826","IMP"
"3.3GM/100ML","28826","IMP"
"30GM/100ML","28826","IMP"
"20GM/100ML","28826","IMP"
"0.25GM/ML","28829","IMP"
"0.5GM/ML","28829","IMP"
"13.5GM/VIAL","28833","IMP"
"3GM/VIAL","28833","IMP"
"10GM/PACKET","28841","IMP"
"3.75GM/PACKET","28841","IMP"
"3GM/PACKET","28841","IMP"
"2.5GM/PACKET","28841","IMP"
"4GM/PACKET","28841","IMP"
"1.05GM","28842","IMP"
"1GM","28842","IMP"
"3.75GM","28842","IMP"
"2.5MG/5ML","28855","IMP"
"5MG/5ML","28855","IMP"
"20MG/5ML","28855","IMP"
"1.25MG/5ML","28855","IMP"
"500MG/5ML","28855","IMP"
"500MG/ML","28880","IMP"
"0.4MG/ML","28880","IMP"
"5MG/100ML","28910","IMP"
"900MG/100ML","28910","IMP"
"800MG/100ML","28910","IMP"
"745MG/100ML","28910","IMP"
"750MG/5ML","28937","IMP"
"125MG/5ML","28937","IMP"
"600MG/5ML","28937","IMP"
"10MG/5ML","28937","IMP"
"1.25MG/ML","28938","IMP"
"0.4MG/ML","28938","IMP"
"0.01MG/ML","28938","IMP"
"4MG/ML","28938","IMP"
"73%","28960","IMP"
"12.50%","28960","IMP"
"0.02%","28960","IMP"
"800MG/PACKET","28967","IMP"
"500MG/PACKET","28967","IMP"
"100MG/PACKET","28967","IMP"
"375MG/PACKET","28967","IMP"
"15MG/PACKET","28967","IMP"
"250MG/PACKET","28970","IMP"
"375MG/PACKET","28970","IMP"
"600MG/PACKET","28970","IMP"
"30MG/PACKET","28970","IMP"
"10GM/100ML","28979","IMP"
"70GM/100ML","28979","IMP"
"100MG/5ML","28982","IMP"
"1MG/5ML","28982","IMP"
"2.5MG/5ML","28982","IMP"
"400MG/5ML","28982","IMP"
"2.98GM/100ML","28999","IMP"
"50GM/100ML","28999","IMP"
"2GM/100ML","28999","IMP"
"38.5GM/100ML","28999","IMP"
"1.87GM/100ML","28999","IMP"
"10GM/VIAL","29038","IMP"
"20GM/VIAL","29038","IMP"
"30.20%","29044","IMP"
"13.90%","29044","IMP"
"64.70%","29044","IMP"
"15%","29044","IMP"
"38.80%","29051","IMP"
"33.32%","29051","IMP"
"0.40%","29051","IMP"
"51%","29051","IMP"
"0.125MG","29066","IMP"
"80MG","29066","IMP"
"2.4GM/100ML","29077","IMP"
"2.24GM/100ML","29077","IMP"
"2GM/100ML","29077","IMP"
"360MG","29079","IMP"
"45MG","29079","IMP"
"1.25MG","29079","IMP"
"0.5MG/5ML","29090","IMP"
"40MG/5ML","29090","IMP"
"50MG/5ML","29090","IMP"
"5MG/5ML","29090","IMP"
"60MG/5ML","29090","IMP"
"0.33%","29091","IMP"
"0.77%","29091","IMP"
"25%","29091","IMP"
"76%","29091","IMP"
"0.10%","29091","IMP"
"3.75GM/PACKET","29093","IMP"
"10GM/PACKET","29093","IMP"
"3GM/PACKET","29093","IMP"
"4GM/PACKET","29093","IMP"
"125MG","29109","IMP"
"500MG","29109","IMP"
"0.2MG","29109","IMP"
"220MG","29109","IMP"
"360MG","29109","IMP"
"50MG/VIAL","29127","IMP"
"8.8MG/VIAL","29127","IMP"
"5MG/100ML","29138","IMP"
"900MG/100ML","29138","IMP"
"450MG/100ML","29138","IMP"
"500MG/100ML","29138","IMP"
"250MG/100ML","29138","IMP"
"600MG/5ML","29157","IMP"
"1MG/5ML","29157","IMP"
"2MG/5ML","29157","IMP"
"0.5MG/5ML","29157","IMP"
"5GM/VIAL","29168","IMP"
"20GM/VIAL","29168","IMP"
"40GM/VIAL","29168","IMP"
"13.5GM/VIAL","29168","IMP"
"4GM/VIAL","29168","IMP"
"20MG/VIAL","29236","IMP"
"3.5MG/VIAL","29236","IMP"
"10MG/VIAL","29236","IMP"
"10GM/PACKET","29244","IMP"
"5GM/PACKET","29244","IMP"
"43MG","29246","IMP"
"260MG","29246","IMP"
"320MG","29246","IMP"
"4.5MG","29246","IMP"
"324MG","29246","IMP"
"100MG/PACKET","29248","IMP"
"250MG/PACKET","29248","IMP"
"3GM/100ML","29254","IMP"
"38.5GM/100ML","29254","IMP"
"20GM/100ML","29254","IMP"
"2.4GM/100ML","29258","IMP"
"60GM/100ML","29258","IMP"
"40GM/100ML","29258","IMP"
"10GM/100ML","29258","IMP"
"200MG/100ML","29264","IMP"
"160MG/100ML","29264","IMP"
"745MG/100ML","29264","IMP"
"40MG/100ML","29271","IMP"
"450MG/100ML","29271","IMP"
"200MG/100ML","29271","IMP"
"1.2GM","29279","IMP"
"1.05GM","29279","IMP"
"3.75GM","29279","IMP"
"0.25GM/ML","29292","IMP"
"0.5GM/ML","29292","IMP"
"9MG","29293","IMP"
"240MG","29293","IMP"
"650MG","29293","IMP"
"15MG/PACKET","29297","IMP"
"250MG/PACKET","29297","IMP"
"100MG/PACKET","29297","IMP"
"167MG/PACKET","29297","IMP"
"30MG/PACKET","29297","IMP"
"800MG/PACKET","29313","IMP"
"250MG/PACKET","29313","IMP"
"167MG/PACKET","29313","IMP"
"600MG/PACKET","29313","IMP"
"3.75GM","29317","IMP"
"1.05GM","29317","IMP"
"1.2GM","29317","IMP"
"1GM","29317","IMP"
"3GM/VIAL","29323","IMP"
"4GM/VIAL","29323","IMP"
"1GM/VIAL","29323","IMP"
"3.75GM/VIAL","29323","IMP"
"1.2GM","29324","IMP"
"1GM","29324","IMP"
"250MG/PACKET","29326","IMP"
"30MG/PACKET","29326","IMP"
"15GM/100ML","29335","IMP"
"38.5GM/100ML","29335","IMP"
"7.5GM/100ML","29335","IMP"
"1.87GM/100ML","29335","IMP"
"5GM/100ML","29335","IMP"
"10GM/PACKET","29336","IMP"
"20GM/PACKET","29336","IMP"
"3.75GM/PACKET","29336","IMP"
"30MG/VIAL","29347","IMP"
"70MG/VIAL","29347","IMP"
"10MG/VIAL","29347","IMP"
"150MG/VIAL","29347","IMP"
"100MG/VIAL","29347","IMP"
"75MG/ML","29363","IMP"
"3MG/ML","29363","IMP"
"20MG/ML","29363","IMP"
"20GM/VIAL","29381","IMP"
"6.75GM/VIAL","29381","IMP"
"10GM/VIAL","29381","IMP"
"13.5GM/VIAL","29381","IMP"
"5GM/VIAL","29381","IMP"
"5GM/VIAL","29387","IMP"
"4GM/VIAL","29387","IMP"
"6GM/VIAL","29387","IMP"
"2.5GM/VIAL","29387","IMP"
"15MG/ML","29401","IMP"
"100MG/ML","29401","IMP"
"0.05MG/ML","29401","IMP"
"7.5MG/ML","29401","IMP"
"0.001MG/ML","29401","IMP"
"100MG/PACKET","29408","IMP"
"250MG/PACKET","29408","IMP"
"15MG/PACKET","29408","IMP"
"800MG/PACKET","29408","IMP"
"600MG/PACKET","29408","IMP"
"13.5GM/VIAL","29414","IMP"
"2GM/VIAL","29414","IMP"
"0.005MG/ML","29424","IMP"
"2MG/ML","29424","IMP"
"0.05MG/ML","29424","IMP"
"7.5MG/ML","29424","IMP"
"12.5MG/ML","29424","IMP"
"75.50%","29438","IMP"
"0.40%","29438","IMP"
"64.70%","29438","IMP"
"30.20%","29438","IMP"
"1.5GM/100ML","29439","IMP"
"10GM/100ML","29439","IMP"
"12.5MG/5ML","29442","IMP"
"20MG/5ML","29442","IMP"
"60MG/5ML","29442","IMP"
"667MG/5ML","29442","IMP"
"25MG/5ML","29442","IMP"
"2.24GM/100ML","29454","IMP"
"50GM/100ML","29454","IMP"
"1.87GM/100ML","29454","IMP"
"15GM/100ML","29468","IMP"
"1.87GM/100ML","29468","IMP"
"1.49GM/100ML","29468","IMP"
"70GM/100ML","29468","IMP"
"1GM/100ML","29468","IMP"
"3.3GM/100ML","29492","IMP"
"40GM/100ML","29492","IMP"
"7.5GM/100ML","29492","IMP"
"20GM/100ML","29492","IMP"
"38.5GM/100ML","29492","IMP"
"5GM/PACKET","29511","IMP"
"4GM/PACKET","29511","IMP"
"2.5GM/PACKET","29511","IMP"
"3.75GM/PACKET","29511","IMP"
"0.5GM/ML","29513","IMP"
"0.25GM/ML","29513","IMP"
"20GM/VIAL","29520","IMP"
"6GM/VIAL","29520","IMP"
"10GM/VIAL","29520","IMP"
"167MG/PACKET","29521","IMP"
"15MG/PACKET","29521","IMP"
"250MG/PACKET","29521","IMP"
"30MG/PACKET","29521","IMP"
"0.04%","29524","IMP"
"0.06%","29524","IMP"
"0.05MG/ML","29531","IMP"
"0.8MG/ML","29531","IMP"
"25MG/ML","29531","IMP"
"35MG/ML","29531","IMP"
"68%","29539","IMP"
"53%","29539","IMP"
"746MG/100ML","29547","IMP"
"800MG/100ML","29547","IMP"
"30MG/100ML","29547","IMP"
"10MG/100ML","29547","IMP"
"1.4MG/VIAL","29565","IMP"
"13.8MG/VIAL","29565","IMP"
"640MG/100ML","29585","IMP"
"10MG/100ML","29585","IMP"
"320MG/100ML","29585","IMP"
"160MG/100ML","29585","IMP"
"100MG/100ML","29585","IMP"
"2.24GM/100ML","29587","IMP"
"1.5GM/100ML","29587","IMP"
"3.3GM/100ML","29587","IMP"
"20GM/100ML","29587","IMP"
"2GM/100ML","29587","IMP"
"1.8MG/VIAL","29595","IMP"
"60MG/VIAL","29595","IMP"
"1MG/VIAL","29595","IMP"
"6.25MG/5ML","29598","IMP"
"1.25MG/5ML","29598","IMP"
"0.5MG/5ML","29598","IMP"
"25MG/5ML","29598","IMP"
"0.5GM/ML","29605","IMP"
"0.25GM/ML","29605","IMP"
"10GM/VIAL","29617","IMP"
"40GM/VIAL","29617","IMP"
"2.5GM/100ML","29631","IMP"
"30GM/100ML","29631","IMP"
"7.5GM/100ML","29631","IMP"
"70GM/100ML","29631","IMP"
"60GM/100ML","29631","IMP"
"9MG","29635","IMP"
"0.7MG","29635","IMP"
"3.75GM","29638","IMP"
"1GM","29638","IMP"
"600MG/PACKET","29644","IMP"
"500MG/PACKET","29644","IMP"
"30MG/PACKET","29644","IMP"
"15MG/PACKET","29644","IMP"
"0.5GM/ML","29672","IMP"
"0.25GM/ML","29672","IMP"
"0.25MG/ML","29680","IMP"
"37.9MG/ML","29680","IMP"
"0.002MG/ML","29680","IMP"
"1.5MG/ML","29680","IMP"
"70GM/100ML","29689","IMP"
"38.5GM/100ML","29689","IMP"
"5GM/100ML","29689","IMP"
"15GM/100ML","29689","IMP"
"1.87GM/100ML","29689","IMP"
"0.5GM/ML","29707","IMP"
"0.25GM/ML","29707","IMP"
"3.3GM/100ML","29716","IMP"
"40GM/100ML","29716","IMP"
"60GM/100ML","29716","IMP"
"2.98GM/100ML","29716","IMP"
"300MG","29717","IMP"
"180MG","29717","IMP"
"67MG","29719","IMP"
"54MG","29719","IMP"
"200MG","29719","IMP"
"325MG","29719","IMP"
"300MG/5ML","29744","IMP"
"60MG/5ML","29744","IMP"
"75MG","29754","IMP"
"220MG","29754","IMP"
"750MG","29754","IMP"
"1GM","29808","IMP"
"3.75GM","29808","IMP"
"1.05GM","29808","IMP"
"900MG/100ML","29812","IMP"
"200MG/100ML","29812","IMP"
"745MG/100ML","29812","IMP"
"375MG/PACKET","29826","IMP"
"600MG/PACKET","29826","IMP"
"250MG/PACKET","29826","IMP"
"0.25GM/ML","29843","IMP"
"0.5GM/ML","29843","IMP"
"80%","29848","IMP"
"4%","29848","IMP"
"15MG/5ML","29852","IMP"
"12.5MG/5ML","29852","IMP"
"75MG/5ML","29852","IMP"
"40MG/5ML","29852","IMP"
"600MG/5ML","29852","IMP"
"2GM/VIAL","29867","IMP"
"6GM/VIAL","29867","IMP"
"20GM/VIAL","29867","IMP"
"3GM/VIAL","29867","IMP"
"1GM/VIAL","29867","IMP"
"0.03%","29876","IMP"
"0.80%","29876","IMP"
"200MG/ML","29885","IMP"
"2.5MG/ML","29885","IMP"
"35MG/ML","29885","IMP"
"80MG/ML","29885","IMP"
"4GM/VIAL","29888","IMP"
"2GM/VIAL","29888","IMP"
"10GM/VIAL","29888","IMP"
"2.5GM/VIAL","29888","IMP"
"6GM/VIAL","29888","IMP"
"10MG/VIAL","29896","IMP"
"5.8MG/VIAL","29896","IMP"
"30MG/VIAL","29896","IMP"
"24MG/VIAL","29896","IMP"
"1.2MG/VIAL","29896","IMP"
"1.4MG/VIAL","29922","IMP"
"40MG/VIAL","29922","IMP"
"25MG/VIAL","29922","IMP"
"13.8MG/VIAL","29922","IMP"
"0.13%","29929","IMP"
"3%","29929","IMP"
"360MG","29940","IMP"
"0.9MG","29940","IMP"
"775MG","29940","IMP"
"24MG","29940","IMP"
"67MG","29940","IMP"
"12.5MG/ML","29950","IMP"
"8MG/ML","29950","IMP"
"6MG/ML","29950","IMP"
"15MG/ML","29950","IMP"
"234MG/ML","29950","IMP"
"180MG","29956","IMP"
"0.4MG","29956","IMP"
"20MG","29956","IMP"
"4GM/PACKET","29976","IMP"
"20GM/PACKET","29976","IMP"
"10GM/PACKET","29976","IMP"
"250MG/VIAL","29984","IMP"
"500MG/VIAL","29984","IMP"
"37.5MG/VIAL","29984","IMP"
"0.005MG/VIAL","29984","IMP"
"0.6MG/VIAL","29984","IMP"
"3.75GM","29989","IMP"
"1GM","29989","IMP"
"10GM/PACKET","29995","IMP"
"3.75GM/PACKET","29995","IMP"
"640MG/100ML","30000","IMP"
"200MG/100ML","30000","IMP"
"800MG/100ML","30000","IMP"
"10MG/5ML","30007","IMP"
"125MG/5ML","30007","IMP"
"100MG/PACKET","30017","IMP"
"500MG/PACKET","30017","IMP"
"600MG/PACKET","30017","IMP"
"0.25GM/ML","30022","IMP"
"0.5GM/ML","30022","IMP"
"2.5GM/VIAL","30023","IMP"
"6.75GM/VIAL","30023","IMP"
"3GM/VIAL","30023","IMP"
"13.5GM/VIAL","30023","IMP"
"2GM/VIAL","30023","IMP"
"250MG/VIAL","30024","IMP"
"0.005MG/VIAL","30024","IMP"
"0.8MG/VIAL","30024","IMP"
"600MG/VIAL","30024","IMP"
"70GM/100ML","30041","IMP"
"3.3GM/100ML","30041","IMP"
"30MG/5ML","30054","IMP"
"187MG/5ML","30054","IMP"
"7.5MG/5ML","30054","IMP"
"400MG/5ML","30054","IMP"
"750MG/5ML","30054","IMP"
"60MG/5ML","30067","IMP"
"25MG/5ML","30067","IMP"
"0.5MG/5ML","30067","IMP"
"0.25GM/ML","30114","IMP"
"0.5GM/ML","30114","IMP"
"0.35MG","30117","IMP"
"650MG","30117","IMP"
"0.125MG","30117","IMP"
"425MG","30117","IMP"
"900MG/100ML","30123","IMP"
"200MG/100ML","30123","IMP"
"325MG","30125","IMP"
"650MG","30125","IMP"
"522MG","30125","IMP"
"375MG/PACKET","30128","IMP"
"600MG/PACKET","30128","IMP"
"750MG/5ML","30132","IMP"
"15MG/5ML","30132","IMP"
"30MG/5ML","30132","IMP"
"75MG/5ML","30132","IMP"
"20MG/5ML","30132","IMP"
"5GM/PACKET","30140","IMP"
"2.4GM/PACKET","30140","IMP"
"3GM/PACKET","30140","IMP"
"1GM/VIAL","30152","IMP"
"2GM/VIAL","30152","IMP"
"3.75GM/VIAL","30152","IMP"
"6.75GM/VIAL","30152","IMP"
"4GM/VIAL","30152","IMP"
"13.5GM/VIAL","30168","IMP"
"3GM/VIAL","30168","IMP"
"0.2MG/ML","30173","IMP"
"279.3MG/ML","30173","IMP"
"37.5MG/ML","30173","IMP"
"0.002MG/ML","30173","IMP"
"167MG/PACKET","30176","IMP"
"600MG/PACKET","30176","IMP"
"100MG/PACKET","30176","IMP"
"30MG/PACKET","30176","IMP"
"1GM","30178","IMP"
"1.2GM","30178","IMP"
"1.05GM","30178","IMP"
"5GM/VIAL","30184","IMP"
"20GM/VIAL","30184","IMP"
"6.75GM/VIAL","30184","IMP"
"1GM/VIAL","30184","IMP"
"0.5GM/ML","30194","IMP"
"0.25GM/ML","30194","IMP"
"23MG","30205","IMP"
"875MG","30205","IMP"
"145MG","30205","IMP"
"140MG","30205","IMP"
"348MG","30205","IMP"
"89MG","30207","IMP"
"28MG","30207","IMP"
"0.45MG","30207","IMP"
"0.112MG","30207","IMP"
"8MG","30207","IMP"
"30MG/PACKET","30213","IMP"
"375MG/PACKET","30213","IMP"
"800MG/PACKET","30213","IMP"
"167MG/PACKET","30213","IMP"
"6.50%","30216","IMP"
"0.23%","30216","IMP"
"187MG/5ML","30220","IMP"
"0.5MG/5ML","30220","IMP"
"6.25MG/5ML","30220","IMP"
"5MG/5ML","30220","IMP"
"4GM/PACKET","30225","IMP"
"2.5GM/PACKET","30225","IMP"
"800MG/100ML","30230","IMP"
"320MG/100ML","30230","IMP"
"80MG/100ML","30230","IMP"
"250MG/100ML","30230","IMP"
"200MG/100ML","30230","IMP"
"750MG/5ML","30245","IMP"
"400MG/5ML","30245","IMP"
"30MG/5ML","30245","IMP"
"25MG/5ML","30245","IMP"
"66.80%","30265","IMP"
"0.12%","30265","IMP"
"1%","30265","IMP"
"0.50%","30265","IMP"
"3.75GM/PACKET","30279","IMP"
"10GM/PACKET","30279","IMP"
"20GM/PACKET","30279","IMP"
"2.5GM/PACKET","30279","IMP"
"2.5GM/100ML","30286","IMP"
"1GM/100ML","30286","IMP"
"3.3GM/100ML","30286","IMP"
"2.4GM/100ML","30286","IMP"
"40GM/100ML","30287","IMP"
"1.5GM/100ML","30287","IMP"
"2.24GM/100ML","30287","IMP"
"3GM/100ML","30287","IMP"
"38.5GM/100ML","30296","IMP"
"7.7GM/100ML","30296","IMP"
"1.5GM/100ML","30296","IMP"
"7.5GM/100ML","30296","IMP"
"40GM/100ML","30296","IMP"
"37.5MG/ML","30303","IMP"
"1.5MG/ML","30303","IMP"
"0.005MG/ML","30303","IMP"
"0.2MG/ML","30303","IMP"
"10MG/100ML","30319","IMP"
"250MG/100ML","30319","IMP"
"500MG/100ML","30319","IMP"
"800MG/100ML","30319","IMP"
"20MG/100ML","30319","IMP"
"11MG","30323","IMP"
"20MG","30323","IMP"
"100MG/PACKET","30327","IMP"
"600MG/PACKET","30327","IMP"
"15MG/PACKET","30327","IMP"
"30MG/PACKET","30327","IMP"
"167MG/PACKET","30327","IMP"
"3.75GM/PACKET","30333","IMP"
"2.4GM/PACKET","30333","IMP"
"7.5GM/100ML","30339","IMP"
"3.3GM/100ML","30339","IMP"
"3GM/100ML","30339","IMP"
"100MG/PACKET","30348","IMP"
"800MG/PACKET","30348","IMP"
"167MG/PACKET","30348","IMP"
"375MG/PACKET","30348","IMP"
"250MG/PACKET","30348","IMP"
"745MG/100ML","30357","IMP"
"250MG/100ML","30357","IMP"
"800MG/100ML","30357","IMP"
"160MG/100ML","30357","IMP"
"500MG/100ML","30357","IMP"
"1.2GM","30366","IMP"
"1GM","30366","IMP"
"3.75GM","30366","IMP"
"1.05GM","30366","IMP"
"40.30%","30382","IMP"
"65.20%","30382","IMP"
"53%","30382","IMP"
"62.30%","30382","IMP"
"1GM","30386","IMP"
"3.75GM","30386","IMP"
"1.2GM","30386","IMP"
"1.05GM","30386","IMP"
"0.5MG/ML","30391","IMP"
"1.6MG/ML","30391","IMP"
"400MG/ML","30391","IMP"
"50MG/ML","30391","IMP"
"0.5GM/ML","30401","IMP"
"0.25GM/ML","30401","IMP"
"15MG/PACKET","30434","IMP"
"375MG/PACKET","30434","IMP"
"0.04MG/VIAL","30439","IMP"
"30MG/VIAL","30439","IMP"
"100MG/VIAL","30439","IMP"
"12.5MG/VIAL","30439","IMP"
"900MG/100ML","30444","IMP"
"450MG/100ML","30444","IMP"
"40MG/100ML","30444","IMP"
"20GM/100ML","30457","IMP"
"50GM/100ML","30457","IMP"
"1GM/VIAL","30459","IMP"
"40GM/VIAL","30459","IMP"
"4GM/VIAL","30459","IMP"
"3.75GM/VIAL","30459","IMP"
"1.4MG/VIAL","30465","IMP"
"80MG/VIAL","30465","IMP"
"0.02MG/VIAL","30465","IMP"
"0.2MG/VIAL","30465","IMP"
"0.01MG/VIAL","30465","IMP"
"125MG/VIAL","30497","IMP"
"15MG/VIAL","30497","IMP"
"24MG/VIAL","30497","IMP"
"12.5MG/VIAL","30497","IMP"
"50MG/VIAL","30497","IMP"
"2MG/5ML","30499","IMP"
"75MG/5ML","30499","IMP"
"30MG/5ML","30499","IMP"
"73%","30520","IMP"
"24%","30520","IMP"
"53%","30520","IMP"
"2.60%","30520","IMP"
"80MG/100ML","30523","IMP"
"500MG/100ML","30523","IMP"
"20GM/PACKET","30540","IMP"
"3.75GM/PACKET","30540","IMP"
"2.5GM/PACKET","30540","IMP"
"1.4MG/VIAL","30546","IMP"
"75MG/VIAL","30546","IMP"
"25MG/VIAL","30546","IMP"
"10GM/VIAL","30561","IMP"
"3GM/VIAL","30561","IMP"
"1GM/VIAL","30561","IMP"
"13.5GM/VIAL","30561","IMP"
"10GM/100ML","30581","IMP"
"20GM/100ML","30581","IMP"
"60GM/100ML","30581","IMP"
"38.5GM/100ML","30581","IMP"
"70GM/100ML","30581","IMP"
"600MG/PACKET","30583","IMP"
"375MG/PACKET","30583","IMP"
"250MG/PACKET","30583","IMP"
"2.5GM/PACKET","30585","IMP"
"5GM/PACKET","30585","IMP"
"3.75GM/PACKET","30585","IMP"
"10GM/PACKET","30585","IMP"
"3GM/VIAL","30595","IMP"
"10GM/VIAL","30595","IMP"
"3.75GM/VIAL","30595","IMP"
"3GM/PACKET","30602","IMP"
"10GM/PACKET","30602","IMP"
"3.75GM/PACKET","30602","IMP"
"5GM/PACKET","30602","IMP"
"1GM/VIAL","30617","IMP"
"3GM/VIAL","30617","IMP"
"5GM/VIAL","30617","IMP"
"2GM/VIAL","30617","IMP"
"4GM/VIAL","30618","IMP"
"6.75GM/VIAL","30618","IMP"
"10GM/VIAL","30618","IMP"
"0.5GM/ML","30623","IMP"
"0.25GM/ML","30623","IMP"
"60MG/5ML","30632","IMP"
"5MG/5ML","30632","IMP"
"105MG/5ML","30632","IMP"
"4MG/5ML","30632","IMP"
"25MG/5ML","30632","IMP"
"2.4GM/PACKET","30634","IMP"
"5GM/PACKET","30634","IMP"
"4GM/PACKET","30634","IMP"
"3GM/PACKET","30634","IMP"
"3.75GM/PACKET","30634","IMP"
"0.5GM/ML","30636","IMP"
"0.25GM/ML","30636","IMP"
"64.70%","30648","IMP"
"25%","30648","IMP"
"100MG","30649","IMP"
"3.75MG","30649","IMP"
"900MG","30649","IMP"
"12.5MG/VIAL","30676","IMP"
"0.8MG/VIAL","30676","IMP"
"1.2MG/VIAL","30676","IMP"
"0.2MG/VIAL","30676","IMP"
"70MG/VIAL","30676","IMP"
"500MG/100ML","30681","IMP"
"320MG/100ML","30681","IMP"
"5MG/100ML","30681","IMP"
"200MG/5ML","30686","IMP"
"667MG/5ML","30686","IMP"
"75MG/5ML","30686","IMP"
"15MG/ML","30691","IMP"
"65MG/ML","30691","IMP"
"287MG/ML","30691","IMP"
"200MG/ML","30691","IMP"
"1.25MG/ML","30695","IMP"
"1.6MG/ML","30695","IMP"
"80MG/ML","30695","IMP"
"0.05MG/ML","30695","IMP"
"0.001MG/ML","30698","IMP"
"6.6MG/ML","30698","IMP"
"36MG","30706","IMP"
"125MG","30706","IMP"
"67MG","30706","IMP"
"1.2GM","30709","IMP"
"1GM","30709","IMP"
"0.25GM/ML","30730","IMP"
"0.5GM/ML","30730","IMP"
"60%","30733","IMP"
"10%","30733","IMP"
"2.50%","30733","IMP"
"3%","30733","IMP"
"0.25GM/ML","30735","IMP"
"0.5GM/ML","30735","IMP"
"1GM","30737","IMP"
"1.2GM","30737","IMP"
"3.75GM","30737","IMP"
"1.05GM","30737","IMP"
"187MG/5ML","30741","IMP"
"500MG/5ML","30741","IMP"
"400MG/5ML","30741","IMP"
"160MG/100ML","30750","IMP"
"800MG/100ML","30750","IMP"
"20MG/100ML","30750","IMP"
"0.03%","30751","IMP"
"99.90%","30751","IMP"
"0.25GM/ML","30755","IMP"
"0.5GM/ML","30755","IMP"
"0.5GM/ML","30760","IMP"
"0.25GM/ML","30760","IMP"
"30MG/PACKET","30761","IMP"
"500MG/PACKET","30761","IMP"
"100MG/PACKET","30761","IMP"
"250MG/PACKET","30761","IMP"
"800MG/PACKET","30761","IMP"
"1.05GM","30764","IMP"
"3.75GM","30764","IMP"
"1GM","30764","IMP"
"5GM/100ML","30789","IMP"
"40GM/100ML","30789","IMP"
"70GM/100ML","30789","IMP"
"0.90%","30794","IMP"
"0.04%","30794","IMP"
"51.80%","30794","IMP"
"6.50%","30794","IMP"
"99.90%","30794","IMP"
"0.25GM/ML","30802","IMP"
"0.5GM/ML","30802","IMP"
"1.05GM","30814","IMP"
"3.75GM","30814","IMP"
"1.2GM","30814","IMP"
"1GM","30814","IMP"
"13.5GM/VIAL","30819","IMP"
"20GM/VIAL","30819","IMP"
"3.75GM/VIAL","30819","IMP"
"375MG/PACKET","30835","IMP"
"30MG/PACKET","30835","IMP"
"20GM/100ML","30840","IMP"
"70GM/100ML","30840","IMP"
"2.4GM/100ML","30840","IMP"
"1.87GM/100ML","30840","IMP"
"0.6MG/5ML","30866","IMP"
"5MG/5ML","30866","IMP"
"4GM/PACKET","30874","IMP"
"2.4GM/PACKET","30874","IMP"
"20GM/PACKET","30874","IMP"
"3GM/PACKET","30874","IMP"
"3.75GM/PACKET","30874","IMP"
"0.4MG/VIAL","30878","IMP"
"380MG/VIAL","30878","IMP"
"12.5MG/VIAL","30878","IMP"
"80MG/VIAL","30910","IMP"
"30MG/VIAL","30910","IMP"
"45MG/VIAL","30910","IMP"
"250MG/5ML","30957","IMP"
"187MG/5ML","30957","IMP"
"500MG/5ML","30957","IMP"
"25MG/5ML","30957","IMP"
"400MG/ML","30971","IMP"
"20MG/ML","30971","IMP"
"500MG/ML","30971","IMP"
"2.24GM/100ML","30991","IMP"
"60GM/100ML","30991","IMP"
"50GM/100ML","31004","IMP"
"30GM/100ML","31004","IMP"
"2GM/100ML","31004","IMP"
"1.87GM/100ML","31004","IMP"
"3.3GM/100ML","31004","IMP"
"1GM","31007","IMP"
"1.2GM","31007","IMP"
"1.05GM","31007","IMP"
"3.75GM","31007","IMP"
"400MG/100ML","31015","IMP"
"320MG/100ML","31015","IMP"
"50MG/5ML","31027","IMP"
"667MG/5ML","31027","IMP"
"2.5MG/5ML","31027","IMP"
"25MG/5ML","31027","IMP"
"15MG/5ML","31027","IMP"
"2.4GM/PACKET","31032","IMP"
"20GM/PACKET","31032","IMP"
"0.5GM/ML","31045","IMP"
"0.25GM/ML","31045","IMP"
"100MG/PACKET","31052","IMP"
"375MG/PACKET","31052","IMP"
"30MG/PACKET","31052","IMP"
"167MG/PACKET","31052","IMP"
"250MG/PACKET","31052","IMP"
"100MG/PACKET","31054","IMP"
"30MG/PACKET","31054","IMP"
"375MG/PACKET","31054","IMP"
"500MG/PACKET","31054","IMP"
"250MG/PACKET","31054","IMP"
"1GM/100ML","31058","IMP"
"7.7GM/100ML","31058","IMP"
"3.3GM/100ML","31058","IMP"
"20GM/100ML","31058","IMP"
"20GM/PACKET","31062","IMP"
"4GM/PACKET","31062","IMP"
"3.75GM/PACKET","31062","IMP"
"10GM/PACKET","31062","IMP"
"75MG/5ML","31065","IMP"
"100MG/5ML","31065","IMP"
"0.2MG/ML","31077","IMP"
"0.004MG/ML","31077","IMP"
"400MG/ML","31077","IMP"
"7.5MG/ML","31077","IMP"
"1MG/ML","31077","IMP"
"5GM/VIAL","31081","IMP"
"40GM/VIAL","31081","IMP"
"4GM/VIAL","31081","IMP"
"200MG/VIAL","31093","IMP"
"1.4MG/VIAL","31093","IMP"
"15MG/VIAL","31093","IMP"
"50MG/VIAL","31093","IMP"
"3GM/100ML","31131","IMP"
"70GM/100ML","31131","IMP"
"2.98GM/100ML","31131","IMP"
"6.75GM/VIAL","31132","IMP"
"1GM/VIAL","31132","IMP"
"10GM/VIAL","31132","IMP"
"0.5GM/ML","31139","IMP"
"0.25GM/ML","31139","IMP"
"5.8MG/VIAL","31171","IMP"
"12.5MG/VIAL","31171","IMP"
"1.2MG/VIAL","31171","IMP"
"50MG/VIAL","31171","IMP"
"450MG/VIAL","31171","IMP"
"1MG/ML","31185","IMP"
"40MG/ML","31185","IMP"
"0.5GM/ML","31209","IMP"
"0.25GM/ML","31209","IMP"
"1GM","31239","IMP"
"1.05GM","31239","IMP"
"3.75GM","31239","IMP"
"1.2GM","31239","IMP"
"167MG/PACKET","31249","IMP"
"30MG/PACKET","31249","IMP"
"15MG/PACKET","31249","IMP"
"250MG/PACKET","31249","IMP"
"0.25GM/ML","31260","IMP"
"0.5GM/ML","31260","IMP"
"6GM/VIAL","31266","IMP"
"40GM/VIAL","31266","IMP"
"3GM/VIAL","31266","IMP"
"41%","31268","IMP"
"30%","31268","IMP"
"3.75GM","31270","IMP"
"1GM","31270","IMP"
"1.2GM","31270","IMP"
"1.05GM","31270","IMP"
"2.50%","31274","IMP"
"0.02%","31274","IMP"
"0.77%","31274","IMP"
"41%","31274","IMP"
"0.25GM/ML","31277","IMP"
"0.5GM/ML","31277","IMP"
"3.75GM/PACKET","31281","IMP"
"2.4GM/PACKET","31281","IMP"
"1GM/100ML","31289","IMP"
"1.87GM/100ML","31289","IMP"
"38.5GM/100ML","31289","IMP"
"400MG/100ML","31294","IMP"
"250MG/100ML","31294","IMP"
"76.90%","31298","IMP"
"0.03%","31298","IMP"
"0.11%","31298","IMP"
"52%","31298","IMP"
"43%","31298","IMP"
"3GM/VIAL","31299","IMP"
"6.75GM/VIAL","31299","IMP"
"50MG/VIAL","31304","IMP"
"0.4MG/VIAL","31304","IMP"
"5.8MG/VIAL","31304","IMP"
"0.02MG/VIAL","31304","IMP"
"1GM","31306","IMP"
"1.05GM","31306","IMP"
"3.75GM","31306","IMP"
"1.2GM","31306","IMP"
"600MG/PACKET","31315","IMP"
"30MG/PACKET","31315","IMP"
"167MG/PACKET","31315","IMP"
"375MG/PACKET","31315","IMP"
"500MG/PACKET","31315","IMP"
"60GM/100ML","31316","IMP"
"15GM/100ML","31316","IMP"
"30GM/100ML","31316","IMP"
"7.7GM/100ML","31316","IMP"
"10GM/100ML","31316","IMP"
"5GM/PACKET","31317","IMP"
"20GM/PACKET","31317","IMP"
"18MG","31332","IMP"
"360MG","31332","IMP"
"10MG","31332","IMP"
"2.68MG","31332","IMP"
"7MG","31332","IMP"
"1GM","31337","IMP"
"1.2GM","31337","IMP"
"3.75GM","31337","IMP"
"2.5MG/ML","31345","IMP"
"0.5MG/ML","31345","IMP"
"60MG/VIAL","31365","IMP"
"0.8MG/VIAL","31365","IMP"
"500MG/VIAL","31365","IMP"
"375MG/PACKET","31368","IMP"
"15MG/PACKET","31368","IMP"
"100MG/PACKET","31368","IMP"
"800MG/PACKET","31368","IMP"
"600MG/PACKET","31368","IMP"
"1.5MG/ML","31389","IMP"
"30MG/ML","31389","IMP"
"2MG/ML","31389","IMP"
"1GM","31403","IMP"
"3.75GM","31403","IMP"
"4MG/VIAL","31407","IMP"
"100MG/VIAL","31407","IMP"
"150MG/VIAL","31407","IMP"
"0.25GM/ML","31410","IMP"
"0.5GM/ML","31410","IMP"
"0.45%","31420","IMP"
"40.60%","31420","IMP"
"54.30%","31420","IMP"
"5MG/100ML","31423","IMP"
"30MG/100ML","31423","IMP"
"50GM/100ML","31424","IMP"
"30GM/100ML","31424","IMP"
"38.5GM/100ML","31425","IMP"
"1.5GM/100ML","31425","IMP"
"50GM/100ML","31425","IMP"
"1.49GM/100ML","31425","IMP"
"0.13%","31472","IMP"
"65%","31472","IMP"
"60%","31472","IMP"
"0.9MG","31478","IMP"
"7MG","31478","IMP"
"37.5MG","31478","IMP"
"18.75MG","31478","IMP"
"1.87GM/100ML","31481","IMP"
"2.24GM/100ML","31481","IMP"
"1GM/100ML","31481","IMP"
"2.98GM/100ML","31481","IMP"
"500MG/VIAL","31487","IMP"
"3.5MG/VIAL","31487","IMP"
"380MG/VIAL","31497","IMP"
"2.5MG/VIAL","31497","IMP"
"1.2MG/VIAL","31497","IMP"
"15MG/5ML","31505","IMP"
"7.5MG/5ML","31505","IMP"
"200MG/100ML","31509","IMP"
"80MG/100ML","31509","IMP"
"746MG/100ML","31509","IMP"
"5GM/PACKET","31521","IMP"
"10GM/PACKET","31521","IMP"
"15MG/VIAL","31525","IMP"
"25MG/VIAL","31525","IMP"
"0.6MG/VIAL","31525","IMP"
"1.4MG/VIAL","31525","IMP"
"425MG","31528","IMP"
"0.35MG","31528","IMP"
"5MG","31538","IMP"
"70MG","31538","IMP"
"12.5MG","31538","IMP"
"54MG","31538","IMP"
"4.5MG","31538","IMP"
"30MG/PACKET","31544","IMP"
"600MG/PACKET","31544","IMP"
"10GM/PACKET","31558","IMP"
"2.4GM/PACKET","31558","IMP"
"3.75GM/PACKET","31558","IMP"
"3GM/PACKET","31558","IMP"
"1.6MG/VIAL","31585","IMP"
"0.02MG/VIAL","31585","IMP"
"1.8MG","31607","IMP"
"1.34MG","31607","IMP"
"375MG","31607","IMP"
"3.6MG","31607","IMP"
"0.013MG","31607","IMP"
"1.2GM","31609","IMP"
"1GM","31609","IMP"
"1.05GM","31609","IMP"
"3.75GM","31609","IMP"
"1.05GM","31618","IMP"
"3.75GM","31618","IMP"
"400MG/5ML","31636","IMP"
"16MG/5ML","31636","IMP"
"12.5MG/5ML","31645","IMP"
"1.25MG/5ML","31645","IMP"
"125MG/5ML","31645","IMP"
"1MG/5ML","31645","IMP"
"25MG/5ML","31645","IMP"
"40GM/VIAL","31653","IMP"
"4GM/VIAL","31653","IMP"
"3.75GM/VIAL","31653","IMP"
"1GM/VIAL","31653","IMP"
"1MG/5ML","31655","IMP"
"50MG/5ML","31655","IMP"
"125MG/5ML","31655","IMP"
"100MG/100ML","31668","IMP"
"40MG/100ML","31668","IMP"
"800MG/100ML","31668","IMP"
"3.75GM/VIAL","31671","IMP"
"1GM/VIAL","31671","IMP"
"2.5GM/VIAL","31671","IMP"
"6GM/VIAL","31671","IMP"
"40GM/VIAL","31671","IMP"
"640MG/100ML","31673","IMP"
"746MG/100ML","31673","IMP"
"500MG/100ML","31673","IMP"
"320MG/100ML","31673","IMP"
"6.75GM/VIAL","31675","IMP"
"4GM/VIAL","31675","IMP"
"15MG/PACKET","31688","IMP"
"250MG/PACKET","31688","IMP"
"800MG/PACKET","31688","IMP"
"500MG/PACKET","31688","IMP"
"250MG/5ML","31701","IMP"
"40MG/5ML","31701","IMP"
"500MG/5ML","31701","IMP"
"600MG/5ML","31701","IMP"
"20MG/5ML","31703","IMP"
"400MG/5ML","31703","IMP"
"30MG/5ML","31703","IMP"
"0.01MG","31716","IMP"
"0.02MG","31716","IMP"
"0.088MG","31716","IMP"
"2.24GM/100ML","31727","IMP"
"3GM/100ML","31727","IMP"
"7.7GM/100ML","31727","IMP"
"70GM/100ML","31727","IMP"
"1.5GM/100ML","31727","IMP"
"100MG/PACKET","31738","IMP"
"250MG/PACKET","31738","IMP"
"0.6MG/VIAL","31744","IMP"
"50MG/VIAL","31744","IMP"
"45MG","31747","IMP"
"320MG","31747","IMP"
"50MG/VIAL","31761","IMP"
"20MG/VIAL","31761","IMP"
"13.8MG/VIAL","31761","IMP"
"1.8MG/VIAL","31761","IMP"
"10MG/ML","31764","IMP"
"400MG/ML","31764","IMP"
"6.75GM/VIAL","31805","IMP"
"13.5GM/VIAL","31805","IMP"
"400MG/5ML","31820","IMP"
"125MG/5ML","31820","IMP"
"100MG/5ML","31820","IMP"
"40MG/5ML","31820","IMP"
"1MG/5ML","31820","IMP"
"13.5GM/VIAL","31821","IMP"
"4GM/VIAL","31821","IMP"
"20GM/VIAL","31821","IMP"
"5GM/VIAL","31821","IMP"
"2.5GM/VIAL","31821","IMP"
"4GM/PACKET","31830","IMP"
"3.75GM/PACKET","31830","IMP"
"2.5GM/PACKET","31830","IMP"
"5GM/PACKET","31830","IMP"
"2.4GM/PACKET","31830","IMP"
"100MG/PACKET","31833","IMP"
"15MG/PACKET","31833","IMP"
"800MG/PACKET","31833","IMP"
"600MG/PACKET","31833","IMP"
"99.99%","31854","IMP"
"12.50%","31854","IMP"
"0.45%","31854","IMP"
"40%","31854","IMP"
"51.30%","31854","IMP"
"13.5GM/VIAL","31874","IMP"
"20GM/VIAL","31874","IMP"
"3.75GM/VIAL","31874","IMP"
"4GM/VIAL","31874","IMP"
"1GM/VIAL","31874","IMP"
"40GM/VIAL","31875","IMP"
"10GM/VIAL","31875","IMP"
"2.5GM/VIAL","31879","IMP"
"6GM/VIAL","31879","IMP"
"13.5GM/VIAL","31879","IMP"
"7.5MG/ML","31887","IMP"
"125MG/ML","31887","IMP"
"1.6MG/ML","31887","IMP"
"37.9MG/ML","31887","IMP"
"29.8MG/ML","31887","IMP"
"6.75GM/VIAL","31888","IMP"
"6GM/VIAL","31888","IMP"
"160MG/100ML","31889","IMP"
"500MG/100ML","31889","IMP"
"745MG/100ML","31889","IMP"
"900MG/100ML","31889","IMP"
"0.1MG/ML","31897","IMP"
"234MG/ML","31897","IMP"
"15MG/ML","31897","IMP"
"30MG/ML","31897","IMP"
"1.49GM/100ML","31918","IMP"
"10GM/100ML","31918","IMP"
"2.5GM/100ML","31918","IMP"
"6MG/VIAL","31928","IMP"
"1.6MG/VIAL","31928","IMP"
"3.75GM","31943","IMP"
"1GM","31943","IMP"
"100MG/100ML","31952","IMP"
"30MG/100ML","31952","IMP"
"80MG/100ML","31952","IMP"
"320MG/100ML","31952","IMP"
"1.6MG/ML","31969","IMP"
"5MG/ML","31969","IMP"
"0.25MG/ML","31969","IMP"
"0.02MG/VIAL","31990","IMP"
"4MG/VIAL","31990","IMP"
"1600MG/VIAL","31990","IMP"
"0.4MG/VIAL","32006","IMP"
"5MG/VIAL","32006","IMP"
"4MG/VIAL","32006","IMP"
"37.5MG/VIAL","32006","IMP"
"30MG/VIAL","32006","IMP"
"0.175MG","32034","IMP"
"89MG","32034","IMP"
"52MG","32034","IMP"
"50MG","32034","IMP"
"1.8MG","32034","IMP"
"0.002MG/ML","32041","IMP"
"300MG/ML","32041","IMP"
"125MG/ML","32041","IMP"
"6.6MG/ML","32041","IMP"
"100MG/ML","32041","IMP"
"0.25GM/ML","32052","IMP"
"0.5GM/ML","32052","IMP"
"40MG/100ML","32055","IMP"
"5MG/100ML","32055","IMP"
"160MG/100ML","32055","IMP"
"2.4GM/PACKET","32062","IMP"
"2.5GM/PACKET","32062","IMP"
"1.49GM/100ML","32063","IMP"
"5GM/100ML","32063","IMP"
"6.75GM/VIAL","32074","IMP"
"13.5GM/VIAL","32074","IMP"
"3.75GM/VIAL","32074","IMP"
"5GM/VIAL","32074","IMP"
"0.25GM/ML","32098","IMP"
"0.5GM/ML","32098","IMP"
"287MG/ML","32122","IMP"
"0.015MG/ML","32122","IMP"
"7.5MG/ML","32122","IMP"
"7.5MG/ML","32133","IMP"
"0.02MG/ML","32133","IMP"
"400MG/100ML","32134","IMP"
"30MG/100ML","32134","IMP"
"160MG/100ML","32134","IMP"
"746MG/100ML","32134","IMP"
"450MG/100ML","32146","IMP"
"745MG/100ML","32146","IMP"
"800MG/100ML","32146","IMP"
"160MG/100ML","32146","IMP"
"10MG/100ML","32146","IMP"
"150MG/ML","32155","IMP"
"0.015MG/ML","32155","IMP"
"0.5GM/ML","32162","IMP"
"0.25GM/ML","32162","IMP"
"5GM/VIAL","32171","IMP"
"1GM/VIAL","32171","IMP"
"3.75GM/VIAL","32171","IMP"
"20GM/VIAL","32171","IMP"
"1.25MG/5ML","32174","IMP"
"60MG/5ML","32174","IMP"
"300MG/5ML","32174","IMP"
"75MG/5ML","32174","IMP"
"40%","32179","IMP"
"0.33%","32179","IMP"
"9.90%","32179","IMP"
"60%","32179","IMP"
"73%","32179","IMP"
"1.50%","32184","IMP"
"15.10%","32184","IMP"
"0.00%","32184","IMP"
"0.80%","32184","IMP"
"0.25GM/ML","32188","IMP"
"0.5GM/ML","32188","IMP"
"80%","32189","IMP"
"61%","32189","IMP"
"0.40%","32189","IMP"
"20GM/100ML","32217","IMP"
"50GM/100ML","32217","IMP"
"60GM/100ML","32217","IMP"
"10GM/100ML","32217","IMP"
"7.5GM/100ML","32217","IMP"
"375MG/PACKET","32218","IMP"
"15MG/PACKET","32218","IMP"
"250MG/PACKET","32218","IMP"
"600MG/PACKET","32218","IMP"
"500MG/PACKET","32218","IMP"
"250MG/PACKET","32229","IMP"
"167MG/PACKET","32229","IMP"
"600MG/PACKET","32229","IMP"
"31.20%","32275","IMP"
"3%","32275","IMP"
"75MG/VIAL","32280","IMP"
"5.8MG/VIAL","32280","IMP"
"50MG/VIAL","32280","IMP"
"0.25GM/ML","32287","IMP"
"0.5GM/ML","32287","IMP"
"30MG/PACKET","32288","IMP"
"100MG/PACKET","32288","IMP"
"167MG/PACKET","32288","IMP"
"2.4GM/100ML","32298","IMP"
"1.5GM/100ML","32298","IMP"
"20GM/100ML","32298","IMP"
"1GM/100ML","32298","IMP"
"2.24GM/100ML","32298","IMP"
"3.5MG/VIAL","32302","IMP"
"12MG/VIAL","32302","IMP"
"60MG/VIAL","32302","IMP"
"24MG/VIAL","32302","IMP"
"10MG/ML","32304","IMP"
"1MG/ML","32304","IMP"
"0.015MG/ML","32304","IMP"
"2.4GM/PACKET","32333","IMP"
"20GM/PACKET","32333","IMP"
"5GM/PACKET","32333","IMP"
"2.5GM/PACKET","32333","IMP"
"160MG/100ML","32345","IMP"
"80MG/100ML","32345","IMP"
"900MG/100ML","32345","IMP"
"1.2GM","32355","IMP"
"3.75GM","32355","IMP"
"1.05GM","32355","IMP"
"1GM","32355","IMP"
"0.5GM/ML","32379","IMP"
"0.25GM/ML","32379","IMP"
"30MG/5ML","32381","IMP"
"1MG/5ML","32381","IMP"
"12.5MG/5ML","32381","IMP"
"160MG/100ML","32383","IMP"
"900MG/100ML","32383","IMP"
"0.5GM/ML","32389","IMP"
"0.25GM/ML","32389","IMP"
"0.25GM/ML","32428","IMP"
"0.5GM/ML","32428","IMP"
"1GM/100ML","32460","IMP"
"2.98GM/100ML","32460","IMP"
"1.2GM","32484","IMP"
"1GM","32484","IMP"
"3.75GM","32484","IMP"
"72MG","32502","IMP"
"12.5MG","32502","IMP"
"360MG","32502","IMP"
"21MG","32502","IMP"
"333MG","32502","IMP"
"2.5GM/PACKET","32506","IMP"
"2.4GM/PACKET","32506","IMP"
"250MG/100ML","32553","IMP"
"400MG/100ML","32553","IMP"
"10MG/VIAL","32568","IMP"
"6MG/VIAL","32568","IMP"
"300MG/VIAL","32568","IMP"
"250MG/100ML","32571","IMP"
"160MG/100ML","32571","IMP"
"640MG/100ML","32571","IMP"
"400MG/100ML","32571","IMP"
"0.25GM/ML","32575","IMP"
"0.5GM/ML","32575","IMP"
"3.75GM","32589","IMP"
"1.05GM","32589","IMP"
"1GM","32589","IMP"
"1.2GM","32589","IMP"
"2GM/VIAL","32598","IMP"
"5GM/VIAL","32598","IMP"
"13.5GM/VIAL","32598","IMP"
"20GM/100ML","32602","IMP"
"15GM/100ML","32602","IMP"
"4GM/PACKET","32607","IMP"
"20GM/PACKET","32607","IMP"
"10GM/PACKET","32607","IMP"
"7.5GM/100ML","32619","IMP"
"38.5GM/100ML","32619","IMP"
"500MG/ML","32623","IMP"
"65MG/ML","32623","IMP"
"14.9MG/ML","32623","IMP"
"1.2GM","32625","IMP"
"3.75GM","32625","IMP"
"4GM/PACKET","32631","IMP"
"3.75GM/PACKET","32631","IMP"
"10GM/PACKET","32631","IMP"
"3GM/PACKET","32631","IMP"
"1.05GM","32653","IMP"
"3.75GM","32653","IMP"
"1GM","32653","IMP"
"18.75MG","32655","IMP"
"1.75MG","32655","IMP"
"6.25MG","32655","IMP"
"12.5MG/ML","32657","IMP"
"10MG/ML","32657","IMP"
"50GM/100ML","32663","IMP"
"2GM/100ML","32663","IMP"
"1GM/100ML","32663","IMP"
"10GM/VIAL","32683","IMP"
"1GM/VIAL","32683","IMP"
"3GM/VIAL","32683","IMP"
"1GM","32686","IMP"
"3.75GM","32686","IMP"
"1.2GM","32686","IMP"
"1.05GM","32686","IMP"
"3GM/PACKET","32687","IMP"
"2.5GM/PACKET","32687","IMP"
"5GM/PACKET","32687","IMP"
"20GM/PACKET","32687","IMP"
"10GM/PACKET","32711","IMP"
"3GM/PACKET","32711","IMP"
"0.25GM/ML","32737","IMP"
"0.5GM/ML","32737","IMP"
"0.2MG/VIAL","32749","IMP"
"0.01MG/VIAL","32749","IMP"
"30MG/VIAL","32749","IMP"
"0.5GM/ML","32751","IMP"
"0.25GM/ML","32751","IMP"
"1GM/VIAL","32772","IMP"
"3GM/VIAL","32772","IMP"
"167MG/PACKET","32776","IMP"
"600MG/PACKET","32776","IMP"
"500MG/PACKET","32776","IMP"
"450MG/VIAL","32798","IMP"
"2MG/VIAL","32798","IMP"
"2.5GM/PACKET","32800","IMP"
"3GM/PACKET","32800","IMP"
"4GM/PACKET","32800","IMP"
"0.25GM/ML","32817","IMP"
"0.5GM/ML","32817","IMP"
"450MG","32824","IMP"
"775MG","32824","IMP"
"1.5MG","32824","IMP"
"24MG","32824","IMP"
"1.05GM","32826","IMP"
"1GM","32826","IMP"
"1.2GM","32826","IMP"
"0.5GM/ML","32829","IMP"
"0.25GM/ML","32829","IMP"
"10GM/PACKET","32857","IMP"
"4GM/PACKET","32857","IMP"
"20GM/PACKET","32857","IMP"
"2.5GM/PACKET","32857","IMP"
"5GM/PACKET","32857","IMP"
"1GM","32862","IMP"
"3.75GM","32862","IMP"
"2.98GM/100ML","32893","IMP"
"60GM/100ML","32893","IMP"
"7.7GM/100ML","32893","IMP"
"2.24GM/100ML","32893","IMP"
"38.5GM/100ML","32893","IMP"
"800MG/PACKET","32903","IMP"
"167MG/PACKET","32903","IMP"
"30MG/PACKET","32903","IMP"
"250MG/PACKET","32903","IMP"
"30MG/100ML","32905","IMP"
"640MG/100ML","32905","IMP"
"160MG/100ML","32905","IMP"
"20MG/100ML","32905","IMP"
"75.50%","32907","IMP"
"45.30%","32907","IMP"
"0.06%","32907","IMP"
"61%","32907","IMP"
"38.5GM/100ML","32918","IMP"
"2.5GM/100ML","32918","IMP"
"40GM/100ML","32918","IMP"
"3.3GM/100ML","32918","IMP"
"1.05GM","32949","IMP"
"1.2GM","32949","IMP"
"3GM/PACKET","32955","IMP"
"20GM/PACKET","32955","IMP"
"80MG/VIAL","32957","IMP"
"0.25MG/VIAL","32957","IMP"
"0.25GM/ML","32995","IMP"
"0.5GM/ML","32995","IMP"
"2MG/ML","33001","IMP"
"0.02MG/ML","33001","IMP"
"15MG/PACKET","33003","IMP"
"250MG/PACKET","33003","IMP"
"600MG/PACKET","33003","IMP"
"167MG/PACKET","33003","IMP"
"2GM/VIAL","33007","IMP"
"3GM/VIAL","33007","IMP"
"3.75GM/VIAL","33007","IMP"
"6.75GM/VIAL","33007","IMP"
"2.24GM/100ML","33013","IMP"
"40GM/100ML","33013","IMP"
"10GM/100ML","33013","IMP"
"50GM/100ML","33013","IMP"
"0.5GM/ML","33042","IMP"
"0.25GM/ML","33042","IMP"
"20MG/ML","33058","IMP"
"6.6MG/ML","33058","IMP"
"0.05MG/ML","33058","IMP"
"3.75GM","33059","IMP"
"1.2GM","33059","IMP"
"1GM","33059","IMP"
"1.05GM","33059","IMP"
"1.4MG/VIAL","33075","IMP"
"3.5MG/VIAL","33075","IMP"
"0.6MG/VIAL","33075","IMP"
"0.1MG/ML","33086","IMP"
"65MG/ML","33086","IMP"
"75MG/ML","33086","IMP"
"6.6MG/ML","33086","IMP"
"300MG/VIAL","33096","IMP"
"450MG/VIAL","33096","IMP"
"75MG/VIAL","33096","IMP"
"0.25MG/VIAL","33096","IMP"
"13.5GM/VIAL","33100","IMP"
"10GM/VIAL","33100","IMP"
"25MG/5ML","33101","IMP"
"200MG/5ML","33101","IMP"
"4MG/5ML","33101","IMP"
"500MG/5ML","33101","IMP"
"15MG/5ML","33101","IMP"
"7.7MG","33106","IMP"
"0.01MG","33106","IMP"
"89MG","33106","IMP"
"21MG","33106","IMP"
"160MG","33112","IMP"
"3MG","33112","IMP"
"21MG","33112","IMP"
"522MG","33112","IMP"
"420MG","33112","IMP"
"2.5GM/PACKET","33130","IMP"
"5GM/PACKET","33130","IMP"
"4GM/PACKET","33130","IMP"
"20GM/PACKET","33130","IMP"
"3GM/PACKET","33130","IMP"
"0.5MG/5ML","33160","IMP"
"6.25MG/5ML","33160","IMP"
"30MG/5ML","33160","IMP"
"375MG/PACKET","33161","IMP"
"500MG/PACKET","33161","IMP"
"800MG/PACKET","33161","IMP"
"30MG/PACKET","33161","IMP"
"30GM/100ML","33165","IMP"
"2.4GM/100ML","33165","IMP"
"3.3GM/100ML","33165","IMP"
"70GM/100ML","33165","IMP"
"1GM/100ML","33165","IMP"
"15GM/100ML","33177","IMP"
"1.87GM/100ML","33177","IMP"
"70GM/100ML","33177","IMP"
"30MG/VIAL","33183","IMP"
"450MG/VIAL","33183","IMP"
"3.75GM","33201","IMP"
"1.05GM","33201","IMP"
"1GM","33201","IMP"
"1.2GM","33201","IMP"
"40MG","33227","IMP"
"0.0277MG","33227","IMP"
"90MG","33227","IMP"
"10MG","33227","IMP"
"1MG/VIAL","33232","IMP"
"4.8MG/VIAL","33232","IMP"
"600MG/VIAL","33232","IMP"
"90MG/VIAL","33232","IMP"
"3.75GM","33239","IMP"
"1GM","33239","IMP"
"1.2GM","33239","IMP"
"1.05GM","33239","IMP"
"105MG/5ML","33287","IMP"
"0.6MG/5ML","33287","IMP"
"5MG/5ML","33287","IMP"
"12.5MG/5ML","33287","IMP"
"3GM/100ML","33302","IMP"
"38.5GM/100ML","33302","IMP"
"7.5MG/5ML","33306","IMP"
"5MG/5ML","33306","IMP"
"300MG/5ML","33306","IMP"
"40GM/VIAL","33314","IMP"
"6.75GM/VIAL","33314","IMP"
"5GM/VIAL","33314","IMP"
"13.5GM/VIAL","33314","IMP"
"10GM/100ML","33317","IMP"
"70GM/100ML","33317","IMP"
"50GM/100ML","33317","IMP"
"0.137MG","33323","IMP"
"50MG","33323","IMP"
"5MG","33323","IMP"
"140MG","33323","IMP"
"130MG","33323","IMP"
"3.75GM/PACKET","33326","IMP"
"2.4GM/PACKET","33326","IMP"
"5GM/PACKET","33326","IMP"
"10GM/PACKET","33326","IMP"
"3GM/PACKET","33326","IMP"
"20MG/100ML","33338","IMP"
"500MG/100ML","33338","IMP"
"200MG/100ML","33338","IMP"
"450MG/100ML","33338","IMP"
"1.6MG/VIAL","33344","IMP"
"1600MG/VIAL","33344","IMP"
"75.50%","33362","IMP"
"0.13%","33362","IMP"
"2.60%","33362","IMP"
"1.20%","33362","IMP"
"8.8MG/VIAL","33366","IMP"
"0.25MG/VIAL","33366","IMP"
"1.5MG/VIAL","33366","IMP"
"0.2MG/VIAL","33366","IMP"
"1.05GM","33372","IMP"
"3.75GM","33372","IMP"
"1.2GM","33372","IMP"
"1GM","33372","IMP"
"1.05GM","33378","IMP"
"3.75GM","33378","IMP"
"1.2GM","33378","IMP"
"1GM","33378","IMP"
"469.01MG/ML","33383","IMP"
"65MG/ML","33383","IMP"
"400MG/ML","33383","IMP"
"1MG/ML","33383","IMP"
"20MG/ML","33383","IMP"
"6.75GM/VIAL","33387","IMP"
"10GM/VIAL","33387","IMP"
"20GM/VIAL","33390","IMP"
"4GM/VIAL","33390","IMP"
"2.5GM/VIAL","33390","IMP"
"6GM/VIAL","33390","IMP"
"100MG/PACKET","33392","IMP"
"375MG/PACKET","33392","IMP"
"250MG/PACKET","33392","IMP"
"600MG/PACKET","33392","IMP"
"30MG/PACKET","33392","IMP"
"320MG/100ML","33393","IMP"
"500MG/100ML","33393","IMP"
"30MG/100ML","33393","IMP"
"250MG/100ML","33393","IMP"
"745MG/100ML","33393","IMP"
"67MG","33411","IMP"
"267MG","33411","IMP"
"0.044MG","33411","IMP"
"45MG","33411","IMP"
"0.01MG","33414","IMP"
"7MG","33414","IMP"
"165MG","33414","IMP"
"1.05GM","33417","IMP"
"1GM","33417","IMP"
"3.75GM","33417","IMP"
"40GM/VIAL","33421","IMP"
"3.75GM/VIAL","33421","IMP"
"20GM/VIAL","33421","IMP"
"40GM/VIAL","33425","IMP"
"6GM/VIAL","33425","IMP"
"250MG/PACKET","33427","IMP"
"375MG/PACKET","33427","IMP"
"600MG/PACKET","33427","IMP"
"13.8MG/VIAL","33443","IMP"
"75MG/VIAL","33443","IMP"
"0.4MG/VIAL","33443","IMP"
"260MG","33445","IMP"
"522MG","33445","IMP"
"3.75MG","33445","IMP"
"36MG","33445","IMP"
"60MG","33445","IMP"
"3GM/VIAL","33456","IMP"
"2GM/VIAL","33456","IMP"
"2.5GM/VIAL","33456","IMP"
"20GM/VIAL","33456","IMP"
"0.2MG/VIAL","33498","IMP"
"450MG/VIAL","33498","IMP"
"375MG/VIAL","33498","IMP"
"10MG/VIAL","33498","IMP"
"37.5MG/VIAL","33503","IMP"
"250MG/VIAL","33503","IMP"
"13.8MG/VIAL","33503","IMP"
"6MG/VIAL","33503","IMP"
"0.005MG/VIAL","33503","IMP"
"0.03%","33521","IMP"
"40.30%","33521","IMP"
"40.60%","33521","IMP"
"6GM/VIAL","33528","IMP"
"5GM/VIAL","33528","IMP"
"2GM/VIAL","33528","IMP"
"20GM/VIAL","33528","IMP"
"6.75GM/VIAL","33528","IMP"
"2.4GM/PACKET","33534","IMP"
"5GM/PACKET","33534","IMP"
"10GM/PACKET","33534","IMP"
"3GM/PACKET","33534","IMP"
"2.5GM/PACKET","33534","IMP"
"0.5GM/ML","33537","IMP"
"0.25GM/ML","33537","IMP"
"0.0277MG","33547","IMP"
"22.5MG","33547","IMP"
"0.025MG","33547","IMP"
"550MG","33547","IMP"
"167MG/PACKET","33569","IMP"
"600MG/PACKET","33569","IMP"
"0.02MG","33581","IMP"
"1.75MG","33581","IMP"
"0.025MG","33581","IMP"
"3GM/VIAL","33586","IMP"
"2GM/VIAL","33586","IMP"
"6.75GM/VIAL","33586","IMP"
"6GM/VIAL","33586","IMP"
"40GM/VIAL","33586","IMP"
"801MG","33601","IMP"
"10MG","33601","IMP"
"1.2GM","33604","IMP"
"3.75GM","33604","IMP"
"0.59MG","33608","IMP"
"333.5MG","33608","IMP"
"5MG","33608","IMP"
"43%","33612","IMP"
"34%","33612","IMP"
"75.50%","33612","IMP"
"30.20%","33612","IMP"
"0.0375MG","33617","IMP"
"250MG","33617","IMP"
"0.625MG","33617","IMP"
"600MG/5ML","33622","IMP"
"105MG/5ML","33622","IMP"
"1MG/5ML","33622","IMP"
"1.25MG/5ML","33622","IMP"
"6.25MG","33648","IMP"
"17MG","33648","IMP"
"105MG","33648","IMP"
"0.75MG","33648","IMP"
"167MG/PACKET","33661","IMP"
"30MG/PACKET","33661","IMP"
"800MG/PACKET","33661","IMP"
"10GM/100ML","33664","IMP"
"7.5GM/100ML","33664","IMP"
"5GM/100ML","33664","IMP"
"30GM/100ML","33664","IMP"
"7.7GM/100ML","33664","IMP"
