DueDate,URL,FDN_Form,FDN_LegalEntity
2023-08-24,https://industrydemo.s3.amazonaws.com/f1040.pdf,1040,599
2023-09-27,https://industrydemo.s3.amazonaws.com/f8865.pdf,8865,600
2023-09-28,https://industrydemo.s3.amazonaws.com/f1040.pdf,1040,601
2023-09-29,https://industrydemo.s3.amazonaws.com/f1040.pdf,1040,602
2023-09-30,https://industrydemo.s3.amazonaws.com/f1040.pdf,1040,603
2023-10-01,https://industrydemo.s3.amazonaws.com/f1040.pdf,1040,604
2023-10-02,https://industrydemo.s3.amazonaws.com/f1040.pdf,1040,605
2023-10-03,https://industrydemo.s3.amazonaws.com/f1040.pdf,1040,606
2023-10-04,https://industrydemo.s3.amazonaws.com/f1040.pdf,1040,607
2023-10-05,https://industrydemo.s3.amazonaws.com/f1040.pdf,1040,608
2023-10-06,https://industrydemo.s3.amazonaws.com/f1040.pdf,1040,609
2023-10-07,https://industrydemo.s3.amazonaws.com/f1040.pdf,1040,610
2023-10-08,https://industrydemo.s3.amazonaws.com/f1040.pdf,1040,611
2023-10-09,https://industrydemo.s3.amazonaws.com/f1040.pdf,1040,612
2023-10-10,https://industrydemo.s3.amazonaws.com/f1040.pdf,1040,613
2023-10-11,https://industrydemo.s3.amazonaws.com/f1040.pdf,1040,614
2023-10-12,https://industrydemo.s3.amazonaws.com/f1040.pdf,1040,615
2023-10-13,https://industrydemo.s3.amazonaws.com/f1040.pdf,1040,616
2023-10-14,https://industrydemo.s3.amazonaws.com/f1040.pdf,1040,617
2023-10-15,https://industrydemo.s3.amazonaws.com/f1040.pdf,1040,618
2023-10-16,https://industrydemo.s3.amazonaws.com/f1040.pdf,1040,619
2023-10-17,https://industrydemo.s3.amazonaws.com/f1040.pdf,1040,620
2023-10-18,https://industrydemo.s3.amazonaws.com/f1040.pdf,1040,621
2023-10-19,https://industrydemo.s3.amazonaws.com/f1040.pdf,1040,622
2023-10-20,https://industrydemo.s3.amazonaws.com/f1040.pdf,1040,623
2023-10-21,https://industrydemo.s3.amazonaws.com/f1040.pdf,1040,624
2023-10-22,https://industrydemo.s3.amazonaws.com/f1040.pdf,1040,625
2023-10-23,https://industrydemo.s3.amazonaws.com/f1040.pdf,1040,626
2023-10-24,https://industrydemo.s3.amazonaws.com/f1040.pdf,1040,627
2023-10-25,https://industrydemo.s3.amazonaws.com/f1040.pdf,1040,628
2023-10-26,https://industrydemo.s3.amazonaws.com/f1040.pdf,1040,629
2023-10-27,https://industrydemo.s3.amazonaws.com/f1040.pdf,1040,630
2023-10-28,https://industrydemo.s3.amazonaws.com/f1040.pdf,1040,631
2023-10-29,https://industrydemo.s3.amazonaws.com/f1040.pdf,1040,632
2023-10-30,https://industrydemo.s3.amazonaws.com/f1040.pdf,1040,633
2023-10-31,https://industrydemo.s3.amazonaws.com/f1040.pdf,1040,634
2023-11-01,https://industrydemo.s3.amazonaws.com/f1040.pdf,1040,635
2023-11-02,https://industrydemo.s3.amazonaws.com/f1040.pdf,1040,636
2023-11-03,https://industrydemo.s3.amazonaws.com/f1040.pdf,1040,637
2023-11-04,https://industrydemo.s3.amazonaws.com/f1040.pdf,1040,638
2023-11-05,https://industrydemo.s3.amazonaws.com/f1040.pdf,1040,639
2023-11-06,https://industrydemo.s3.amazonaws.com/f1040.pdf,1040,640
2023-11-07,https://industrydemo.s3.amazonaws.com/f1040.pdf,1040,641
2023-11-08,https://industrydemo.s3.amazonaws.com/f1040.pdf,1040,642
2023-11-09,https://industrydemo.s3.amazonaws.com/f1040.pdf,1040,643
2023-11-10,https://industrydemo.s3.amazonaws.com/f1040.pdf,1040,644
2023-11-11,https://industrydemo.s3.amazonaws.com/f1040.pdf,1040,645
2023-11-12,https://industrydemo.s3.amazonaws.com/f1040.pdf,1040,646
2023-11-13,https://industrydemo.s3.amazonaws.com/f1040.pdf,1040,647
2023-11-14,https://industrydemo.s3.amazonaws.com/f1040.pdf,1040,648
2023-11-15,https://industrydemo.s3.amazonaws.com/f1040.pdf,1040,649
2023-11-16,https://industrydemo.s3.amazonaws.com/f1040.pdf,1040,650
2023-11-17,https://industrydemo.s3.amazonaws.com/f1040.pdf,1040,651
2023-11-18,https://industrydemo.s3.amazonaws.com/f1040.pdf,1040,652
2023-11-19,https://industrydemo.s3.amazonaws.com/f1040.pdf,1040,653
2023-11-20,https://industrydemo.s3.amazonaws.com/f1040.pdf,1040,654
2023-11-21,https://industrydemo.s3.amazonaws.com/f1040.pdf,1040,655
2023-11-22,https://industrydemo.s3.amazonaws.com/f1040.pdf,1040,656
2023-11-23,https://industrydemo.s3.amazonaws.com/f1040.pdf,1040,657
2023-11-24,https://industrydemo.s3.amazonaws.com/f1040.pdf,1040,658
2023-11-25,https://industrydemo.s3.amazonaws.com/f1040.pdf,1040,659
2023-11-26,https://industrydemo.s3.amazonaws.com/f1040.pdf,1040,660
2023-11-27,https://industrydemo.s3.amazonaws.com/f1040.pdf,1040,661
2023-11-28,https://industrydemo.s3.amazonaws.com/f1040.pdf,1040,662
2023-11-29,https://industrydemo.s3.amazonaws.com/f1040.pdf,1040,663
2023-11-30,https://industrydemo.s3.amazonaws.com/f1040.pdf,1040,664
2023-12-01,https://industrydemo.s3.amazonaws.com/f1040.pdf,1040,665
2023-12-02,https://industrydemo.s3.amazonaws.com/f1040.pdf,1040,666
2023-12-03,https://industrydemo.s3.amazonaws.com/f1040.pdf,1040,667
2023-12-04,https://industrydemo.s3.amazonaws.com/f1040.pdf,1040,668
2023-12-05,https://industrydemo.s3.amazonaws.com/f1040.pdf,1040,669
2023-12-06,https://industrydemo.s3.amazonaws.com/f1040.pdf,1040,670
2023-12-07,https://industrydemo.s3.amazonaws.com/f1040.pdf,1040,671
2023-12-08,https://industrydemo.s3.amazonaws.com/f1040.pdf,1040,672
2023-12-09,https://industrydemo.s3.amazonaws.com/f1040.pdf,1040,673
2023-12-10,https://industrydemo.s3.amazonaws.com/f1040.pdf,1040,674
2023-12-11,https://industrydemo.s3.amazonaws.com/f1040.pdf,1040,675
2023-12-12,https://industrydemo.s3.amazonaws.com/f1040.pdf,1040,676
2023-12-13,https://industrydemo.s3.amazonaws.com/f1040.pdf,1040,677
2023-12-14,https://industrydemo.s3.amazonaws.com/f1040.pdf,1040,678
2023-12-15,https://industrydemo.s3.amazonaws.com/f1040.pdf,1040,679
2023-12-16,https://industrydemo.s3.amazonaws.com/f1040.pdf,1040,680
2023-12-17,https://industrydemo.s3.amazonaws.com/f1040.pdf,1040,681
2023-12-18,https://industrydemo.s3.amazonaws.com/f1040.pdf,1040,682
2023-12-19,https://industrydemo.s3.amazonaws.com/f1040.pdf,1040,683
2023-12-20,https://industrydemo.s3.amazonaws.com/f1040.pdf,1040,684
2023-12-21,https://industrydemo.s3.amazonaws.com/f1040.pdf,1040,685
2023-12-22,https://industrydemo.s3.amazonaws.com/f1040.pdf,1040,686
2023-12-23,https://industrydemo.s3.amazonaws.com/f1040.pdf,1040,687
2023-12-24,https://industrydemo.s3.amazonaws.com/f1040.pdf,1040,688
2023-12-25,https://industrydemo.s3.amazonaws.com/f1040.pdf,1040,689
2023-12-26,https://industrydemo.s3.amazonaws.com/f1040.pdf,1040,690
2023-12-27,https://industrydemo.s3.amazonaws.com/f1040.pdf,1040,691
2023-12-28,https://industrydemo.s3.amazonaws.com/f1040.pdf,1040,692
2023-12-29,https://industrydemo.s3.amazonaws.com/f1040.pdf,1040,693
2023-12-30,https://industrydemo.s3.amazonaws.com/f1040.pdf,1040,694
2023-12-31,https://industrydemo.s3.amazonaws.com/f1040.pdf,1040,695
2024-01-01,https://industrydemo.s3.amazonaws.com/f1040.pdf,1040,696
2024-01-02,https://industrydemo.s3.amazonaws.com/f1040.pdf,1040,697
2024-01-03,https://industrydemo.s3.amazonaws.com/f1040.pdf,1040,698
2024-01-04,https://industrydemo.s3.amazonaws.com/f1040.pdf,1040,699
2024-01-05,https://industrydemo.s3.amazonaws.com/f1040.pdf,1040,700
2024-01-06,https://industrydemo.s3.amazonaws.com/f1040.pdf,1040,701
2024-01-07,https://industrydemo.s3.amazonaws.com/f1040.pdf,1040,702
2024-01-08,https://industrydemo.s3.amazonaws.com/f1040.pdf,1040,703
2024-01-09,https://industrydemo.s3.amazonaws.com/f1040.pdf,1040,704
2024-01-10,https://industrydemo.s3.amazonaws.com/f1040.pdf,1040,705
2024-01-11,https://industrydemo.s3.amazonaws.com/f1040.pdf,1040,706
2024-01-12,https://industrydemo.s3.amazonaws.com/f1040.pdf,1040,707
2024-01-13,https://industrydemo.s3.amazonaws.com/f1040.pdf,1040,708
2024-01-14,https://industrydemo.s3.amazonaws.com/f1040.pdf,1040,709
2024-01-15,https://industrydemo.s3.amazonaws.com/f1040.pdf,1040,710
2024-01-16,https://industrydemo.s3.amazonaws.com/f1040.pdf,1040,711
2024-01-17,https://industrydemo.s3.amazonaws.com/f1040.pdf,1040,712
2024-01-18,https://industrydemo.s3.amazonaws.com/f1040.pdf,1040,713
2024-01-19,https://industrydemo.s3.amazonaws.com/f1040.pdf,1040,714
2024-01-20,https://industrydemo.s3.amazonaws.com/f1040.pdf,1040,715
2024-01-21,https://industrydemo.s3.amazonaws.com/f1040.pdf,1040,716
2024-01-22,https://industrydemo.s3.amazonaws.com/f1040.pdf,1040,717
2024-01-23,https://industrydemo.s3.amazonaws.com/f1040.pdf,1040,718
2024-01-24,https://industrydemo.s3.amazonaws.com/f1040.pdf,1040,719
2024-01-25,https://industrydemo.s3.amazonaws.com/f1040.pdf,1040,720
2024-01-26,https://industrydemo.s3.amazonaws.com/f1040.pdf,1040,721
2024-01-27,https://industrydemo.s3.amazonaws.com/f1040.pdf,1040,722
2024-01-28,https://industrydemo.s3.amazonaws.com/f1040.pdf,1040,723
2024-01-29,https://industrydemo.s3.amazonaws.com/f1040.pdf,1040,724
2024-01-30,https://industrydemo.s3.amazonaws.com/f1040.pdf,1040,725
2024-01-31,https://industrydemo.s3.amazonaws.com/f1040.pdf,1040,726
2024-02-01,https://industrydemo.s3.amazonaws.com/f1040.pdf,1040,727
2024-02-02,https://industrydemo.s3.amazonaws.com/f1040.pdf,1040,728
2024-02-03,https://industrydemo.s3.amazonaws.com/f1040.pdf,1040,729
2024-02-05,https://industrydemo.s3.amazonaws.com/f1040.pdf,1040,731
2024-02-06,https://industrydemo.s3.amazonaws.com/f1040.pdf,1040,732
2024-02-07,https://industrydemo.s3.amazonaws.com/f1040.pdf,1040,733
2024-02-08,https://industrydemo.s3.amazonaws.com/f1040.pdf,1040,734
2024-02-09,https://industrydemo.s3.amazonaws.com/f1040.pdf,1040,735
2024-02-10,https://industrydemo.s3.amazonaws.com/f1040.pdf,1040,736
2024-02-11,https://industrydemo.s3.amazonaws.com/f1040.pdf,1040,737
2024-02-12,https://industrydemo.s3.amazonaws.com/f1040.pdf,1040,738
2024-02-13,https://industrydemo.s3.amazonaws.com/f1040.pdf,1040,739
2024-02-14,https://industrydemo.s3.amazonaws.com/f1040.pdf,1040,740
2024-02-15,https://industrydemo.s3.amazonaws.com/f1040.pdf,1040,741
2024-02-16,https://industrydemo.s3.amazonaws.com/f1040.pdf,1040,742
2024-02-17,https://industrydemo.s3.amazonaws.com/f1040.pdf,1040,743
2024-02-18,https://industrydemo.s3.amazonaws.com/f1040.pdf,1040,744
2024-02-19,https://industrydemo.s3.amazonaws.com/f1040.pdf,1040,745
2024-02-20,https://industrydemo.s3.amazonaws.com/f1040.pdf,1040,746
2024-02-21,https://industrydemo.s3.amazonaws.com/f1040.pdf,1040,747
2024-02-22,https://industrydemo.s3.amazonaws.com/f1040.pdf,1040,748
2024-02-23,https://industrydemo.s3.amazonaws.com/f1040.pdf,1040,749
2024-02-24,https://industrydemo.s3.amazonaws.com/f1040.pdf,1040,750
2024-02-25,https://industrydemo.s3.amazonaws.com/f1040.pdf,1040,751
2024-02-26,https://industrydemo.s3.amazonaws.com/f1040.pdf,1040,752
2024-02-27,https://industrydemo.s3.amazonaws.com/f1040.pdf,1040,753
2024-02-28,https://industrydemo.s3.amazonaws.com/f1040.pdf,1040,754
2024-02-29,https://industrydemo.s3.amazonaws.com/f1040.pdf,1040,755
2024-03-01,https://industrydemo.s3.amazonaws.com/f1040.pdf,1040,756
2024-03-02,https://industrydemo.s3.amazonaws.com/f1040.pdf,1040,757
2024-03-03,https://industrydemo.s3.amazonaws.com/f1040.pdf,1040,758
2024-03-04,https://industrydemo.s3.amazonaws.com/f1040.pdf,1040,759
2024-03-05,https://industrydemo.s3.amazonaws.com/f1040.pdf,1040,760
2024-03-06,https://industrydemo.s3.amazonaws.com/f1040.pdf,1040,761
2024-03-07,https://industrydemo.s3.amazonaws.com/f1040.pdf,1040,762
2024-03-08,https://industrydemo.s3.amazonaws.com/f1040.pdf,1040,763
2024-03-09,https://industrydemo.s3.amazonaws.com/f1040.pdf,1040,764
2024-03-10,https://industrydemo.s3.amazonaws.com/f1040.pdf,1040,765
2024-03-11,https://industrydemo.s3.amazonaws.com/f1040.pdf,1040,766
2024-03-12,https://industrydemo.s3.amazonaws.com/f1040.pdf,1040,767
2024-03-13,https://industrydemo.s3.amazonaws.com/f1040.pdf,1040,768
2024-03-14,https://industrydemo.s3.amazonaws.com/f1040.pdf,1040,769
2024-03-15,https://industrydemo.s3.amazonaws.com/f1040.pdf,1040,770
2024-03-16,https://industrydemo.s3.amazonaws.com/f1040.pdf,1040,771
2024-03-17,https://industrydemo.s3.amazonaws.com/f1040.pdf,1040,772
2024-03-18,https://industrydemo.s3.amazonaws.com/f1040.pdf,1040,773
2024-03-19,https://industrydemo.s3.amazonaws.com/f1040.pdf,1040,774
2024-03-20,https://industrydemo.s3.amazonaws.com/f1040.pdf,1040,775
2024-03-21,https://industrydemo.s3.amazonaws.com/f1040.pdf,1040,776
2024-03-22,https://industrydemo.s3.amazonaws.com/f1040.pdf,1040,777
2024-03-23,https://industrydemo.s3.amazonaws.com/f1040.pdf,1040,778
2024-03-24,https://industrydemo.s3.amazonaws.com/f1040.pdf,1040,779
2024-03-25,https://industrydemo.s3.amazonaws.com/f1040.pdf,1040,780
2024-03-26,https://industrydemo.s3.amazonaws.com/f1040.pdf,1040,781
2024-03-27,https://industrydemo.s3.amazonaws.com/f1040.pdf,1040,782
2024-03-28,https://industrydemo.s3.amazonaws.com/f1040.pdf,1040,783
2024-03-29,https://industrydemo.s3.amazonaws.com/f1040.pdf,1040,784
2024-03-30,https://industrydemo.s3.amazonaws.com/f1040.pdf,1040,785
2024-03-31,https://industrydemo.s3.amazonaws.com/f1040.pdf,1040,786
2024-04-01,https://industrydemo.s3.amazonaws.com/f1040.pdf,1040,787
2024-04-02,https://industrydemo.s3.amazonaws.com/f1040.pdf,1040,788
2024-04-03,https://industrydemo.s3.amazonaws.com/f1040.pdf,1040,789
2024-04-04,https://industrydemo.s3.amazonaws.com/f1040.pdf,1040,790
2024-04-05,https://industrydemo.s3.amazonaws.com/f1040.pdf,1040,791
2024-04-06,https://industrydemo.s3.amazonaws.com/f1040.pdf,1040,792
2024-04-07,https://industrydemo.s3.amazonaws.com/f1040.pdf,1040,793
2024-04-08,https://industrydemo.s3.amazonaws.com/f1040.pdf,1040,794
2024-04-09,https://industrydemo.s3.amazonaws.com/f1040.pdf,1040,795
2024-04-10,https://industrydemo.s3.amazonaws.com/f1040.pdf,1040,796
2024-04-11,https://industrydemo.s3.amazonaws.com/f1040.pdf,1040,797
2024-04-12,https://industrydemo.s3.amazonaws.com/f1040.pdf,1040,798
2024-04-13,https://industrydemo.s3.amazonaws.com/f1040.pdf,1040,799
2024-04-14,https://industrydemo.s3.amazonaws.com/f1040.pdf,1040,800
2024-04-15,https://industrydemo.s3.amazonaws.com/f1040.pdf,1040,801
2024-04-16,https://industrydemo.s3.amazonaws.com/f1040.pdf,1040,802
2024-04-17,https://industrydemo.s3.amazonaws.com/f1040.pdf,1040,803
2024-04-18,https://industrydemo.s3.amazonaws.com/f1040.pdf,1040,804
2024-04-19,https://industrydemo.s3.amazonaws.com/f1040.pdf,1040,805
2024-04-20,https://industrydemo.s3.amazonaws.com/f1040.pdf,1040,806
2024-04-21,https://industrydemo.s3.amazonaws.com/f1040.pdf,1040,807
2024-04-22,https://industrydemo.s3.amazonaws.com/f1040.pdf,1040,808
2024-04-23,https://industrydemo.s3.amazonaws.com/f1040.pdf,1040,809
2024-04-24,https://industrydemo.s3.amazonaws.com/f1040.pdf,1040,810
2024-04-25,https://industrydemo.s3.amazonaws.com/f1040.pdf,1040,811
2024-04-26,https://industrydemo.s3.amazonaws.com/f1040.pdf,1040,812
2024-04-27,https://industrydemo.s3.amazonaws.com/f1040.pdf,1040,813
2024-04-28,https://industrydemo.s3.amazonaws.com/f1040.pdf,1040,814
2024-04-29,https://industrydemo.s3.amazonaws.com/f1040.pdf,1040,815
2024-04-30,https://industrydemo.s3.amazonaws.com/f1040.pdf,1040,816
2024-05-01,https://industrydemo.s3.amazonaws.com/f1040.pdf,1040,817
2024-05-02,https://industrydemo.s3.amazonaws.com/f1040.pdf,1040,818
2024-05-03,https://industrydemo.s3.amazonaws.com/f1040.pdf,1040,819
2024-05-04,https://industrydemo.s3.amazonaws.com/f1040.pdf,1040,820
2024-05-05,https://industrydemo.s3.amazonaws.com/f1040.pdf,1040,821
2024-05-06,https://industrydemo.s3.amazonaws.com/f1040.pdf,1040,822
2024-05-07,https://industrydemo.s3.amazonaws.com/f1040.pdf,1040,823
2024-05-08,https://industrydemo.s3.amazonaws.com/f1040.pdf,1040,824
2024-05-09,https://industrydemo.s3.amazonaws.com/f1040.pdf,1040,825
2024-05-10,https://industrydemo.s3.amazonaws.com/f1040.pdf,1040,826
2024-05-11,https://industrydemo.s3.amazonaws.com/f1040.pdf,1040,827
2024-05-12,https://industrydemo.s3.amazonaws.com/f1040.pdf,1040,828
2024-05-13,https://industrydemo.s3.amazonaws.com/f1040.pdf,1040,829
2024-05-14,https://industrydemo.s3.amazonaws.com/f1040.pdf,1040,830
2024-05-15,https://industrydemo.s3.amazonaws.com/f1040.pdf,1040,831
2024-05-16,https://industrydemo.s3.amazonaws.com/f1040.pdf,1040,832
2024-05-17,https://industrydemo.s3.amazonaws.com/f1040.pdf,1040,833
2024-05-18,https://industrydemo.s3.amazonaws.com/f1040.pdf,1040,834
2024-05-19,https://industrydemo.s3.amazonaws.com/f1040.pdf,1040,835
2024-05-20,https://industrydemo.s3.amazonaws.com/f1040.pdf,1040,836
2024-05-21,https://industrydemo.s3.amazonaws.com/f1040.pdf,1040,837
2024-05-22,https://industrydemo.s3.amazonaws.com/f1040.pdf,1040,838
2024-05-23,https://industrydemo.s3.amazonaws.com/f1040.pdf,1040,839
2024-05-24,https://industrydemo.s3.amazonaws.com/f1040.pdf,1040,840
2024-05-25,https://industrydemo.s3.amazonaws.com/f1040.pdf,1040,841
2024-05-26,https://industrydemo.s3.amazonaws.com/f1040.pdf,1040,842
2024-05-27,https://industrydemo.s3.amazonaws.com/f1040.pdf,1040,843
2024-05-28,https://industrydemo.s3.amazonaws.com/f1040.pdf,1040,844
2024-05-29,https://industrydemo.s3.amazonaws.com/f1040.pdf,1040,845
2024-05-31,https://industrydemo.s3.amazonaws.com/f1040.pdf,1040,847
2024-06-01,https://industrydemo.s3.amazonaws.com/f1040.pdf,1040,848
2024-06-02,https://industrydemo.s3.amazonaws.com/f1040.pdf,1040,849
2024-06-03,https://industrydemo.s3.amazonaws.com/f1040.pdf,1040,850
2024-06-04,https://industrydemo.s3.amazonaws.com/f1040.pdf,1040,851
2024-06-05,https://industrydemo.s3.amazonaws.com/f1040.pdf,1040,852
2024-06-06,https://industrydemo.s3.amazonaws.com/f1040.pdf,1040,853
2024-06-07,https://industrydemo.s3.amazonaws.com/f1040.pdf,1040,854
2024-06-08,https://industrydemo.s3.amazonaws.com/f1040.pdf,1040,855
2024-06-09,https://industrydemo.s3.amazonaws.com/f1040.pdf,1040,856
2024-06-10,https://industrydemo.s3.amazonaws.com/f1040.pdf,1040,857
2024-06-11,https://industrydemo.s3.amazonaws.com/f1040.pdf,1040,858
2024-06-12,https://industrydemo.s3.amazonaws.com/f1040.pdf,1040,859
2024-06-13,https://industrydemo.s3.amazonaws.com/f1040.pdf,1040,860
2024-06-14,https://industrydemo.s3.amazonaws.com/f1040.pdf,1040,861
2024-06-15,https://industrydemo.s3.amazonaws.com/f1040.pdf,1040,862
2024-06-16,https://industrydemo.s3.amazonaws.com/f1040.pdf,1040,863
2024-06-17,https://industrydemo.s3.amazonaws.com/f1040.pdf,1040,864
2024-06-18,https://industrydemo.s3.amazonaws.com/f1040.pdf,1040,865
2024-06-19,https://industrydemo.s3.amazonaws.com/f1040.pdf,1040,866
2024-06-20,https://industrydemo.s3.amazonaws.com/f1040.pdf,1040,867
2024-06-21,https://industrydemo.s3.amazonaws.com/f1040.pdf,1040,868
2024-06-22,https://industrydemo.s3.amazonaws.com/f1040.pdf,1040,869
2024-06-23,https://industrydemo.s3.amazonaws.com/f1040.pdf,1040,870
2024-06-24,https://industrydemo.s3.amazonaws.com/f1040.pdf,1040,871
2024-06-25,https://industrydemo.s3.amazonaws.com/f1040.pdf,1040,872
2024-06-26,https://industrydemo.s3.amazonaws.com/f1040.pdf,1040,873
2024-06-27,https://industrydemo.s3.amazonaws.com/f1040.pdf,1040,874
2024-06-28,https://industrydemo.s3.amazonaws.com/f1040.pdf,1040,875
2024-06-29,https://industrydemo.s3.amazonaws.com/f1040.pdf,1040,876
2024-06-30,https://industrydemo.s3.amazonaws.com/f1040.pdf,1040,877
2024-07-01,https://industrydemo.s3.amazonaws.com/f1040.pdf,1040,878
2024-07-02,https://industrydemo.s3.amazonaws.com/f1040.pdf,1040,879
2024-07-03,https://industrydemo.s3.amazonaws.com/f1040.pdf,1040,880
2024-07-04,https://industrydemo.s3.amazonaws.com/f1040.pdf,1040,881
2024-07-05,https://industrydemo.s3.amazonaws.com/f1040.pdf,1040,882
2024-07-06,https://industrydemo.s3.amazonaws.com/f1040.pdf,1040,883
2024-07-07,https://industrydemo.s3.amazonaws.com/f1040.pdf,1040,884
2024-07-08,https://industrydemo.s3.amazonaws.com/f1040.pdf,1040,885
2024-07-09,https://industrydemo.s3.amazonaws.com/f1040.pdf,1040,886
2024-07-10,https://industrydemo.s3.amazonaws.com/f1040.pdf,1040,887
2024-07-11,https://industrydemo.s3.amazonaws.com/f1040.pdf,1040,888
2024-07-12,https://industrydemo.s3.amazonaws.com/f1040.pdf,1040,889
2024-07-13,https://industrydemo.s3.amazonaws.com/f1040.pdf,1040,890
2024-07-14,https://industrydemo.s3.amazonaws.com/f1040.pdf,1040,891
2024-07-15,https://industrydemo.s3.amazonaws.com/f1040.pdf,1040,892
2024-07-16,https://industrydemo.s3.amazonaws.com/f1040.pdf,1040,893
2024-07-17,https://industrydemo.s3.amazonaws.com/f1040.pdf,1040,894
2024-07-18,https://industrydemo.s3.amazonaws.com/f1040.pdf,1040,895
2024-07-19,https://industrydemo.s3.amazonaws.com/f1040.pdf,1040,896
2024-07-20,https://industrydemo.s3.amazonaws.com/f1040.pdf,1040,897
2024-07-21,https://industrydemo.s3.amazonaws.com/f1040.pdf,1040,898
2024-07-22,https://industrydemo.s3.amazonaws.com/f1040.pdf,1040,899
2024-07-23,https://industrydemo.s3.amazonaws.com/f1040.pdf,1040,900
2024-07-24,https://industrydemo.s3.amazonaws.com/f1040.pdf,1040,901
2024-07-25,https://industrydemo.s3.amazonaws.com/f1040.pdf,1040,902
2024-07-26,https://industrydemo.s3.amazonaws.com/f1040.pdf,1040,903
2024-07-27,https://industrydemo.s3.amazonaws.com/f1040.pdf,1040,904
2024-07-28,https://industrydemo.s3.amazonaws.com/f1040.pdf,1040,905
2024-07-29,https://industrydemo.s3.amazonaws.com/f1040.pdf,1040,906
2024-07-31,https://industrydemo.s3.amazonaws.com/f1040.pdf,1040,907
2024-08-01,https://industrydemo.s3.amazonaws.com/f1040.pdf,1040,908
2024-08-02,https://industrydemo.s3.amazonaws.com/f1040.pdf,1040,909
2024-08-03,https://industrydemo.s3.amazonaws.com/f1040.pdf,1040,910
2024-08-04,https://industrydemo.s3.amazonaws.com/f1040.pdf,1040,911
2024-08-05,https://industrydemo.s3.amazonaws.com/f1040.pdf,1040,912
2024-08-06,https://industrydemo.s3.amazonaws.com/f1040.pdf,1040,913
2024-08-07,https://industrydemo.s3.amazonaws.com/f1040.pdf,1040,914
2024-08-08,https://industrydemo.s3.amazonaws.com/f1040.pdf,1040,915
2024-08-09,https://industrydemo.s3.amazonaws.com/f1040.pdf,1040,916
2024-08-10,https://industrydemo.s3.amazonaws.com/f1040.pdf,1040,917
2024-08-11,https://industrydemo.s3.amazonaws.com/f1040.pdf,1040,918
2024-08-12,https://industrydemo.s3.amazonaws.com/f1040.pdf,1040,919
2024-08-13,https://industrydemo.s3.amazonaws.com/f1040.pdf,1040,920
2024-08-14,https://industrydemo.s3.amazonaws.com/f1040.pdf,1040,921
2024-08-15,https://industrydemo.s3.amazonaws.com/f1040.pdf,1040,922
2024-08-16,https://industrydemo.s3.amazonaws.com/f1040.pdf,1040,923
2024-08-17,https://industrydemo.s3.amazonaws.com/f1040.pdf,1040,924
2024-08-18,https://industrydemo.s3.amazonaws.com/f1040.pdf,1040,925
2024-08-19,https://industrydemo.s3.amazonaws.com/f1040.pdf,1040,926
2024-08-20,https://industrydemo.s3.amazonaws.com/f1040.pdf,1040,927
2024-08-21,https://industrydemo.s3.amazonaws.com/f1040.pdf,1040,928
2024-08-22,https://industrydemo.s3.amazonaws.com/f1040.pdf,1040,929
2024-08-23,https://industrydemo.s3.amazonaws.com/f1040.pdf,1040,930
2024-08-24,https://industrydemo.s3.amazonaws.com/f1040.pdf,1040,931
2024-08-25,https://industrydemo.s3.amazonaws.com/f1040.pdf,1040,932
2024-08-26,https://industrydemo.s3.amazonaws.com/f1040.pdf,1040,933
2024-08-27,https://industrydemo.s3.amazonaws.com/f1040.pdf,1040,934
2024-08-28,https://industrydemo.s3.amazonaws.com/f1040.pdf,1040,935
2024-08-29,https://industrydemo.s3.amazonaws.com/f1040.pdf,1040,936
2024-08-30,https://industrydemo.s3.amazonaws.com/f1040.pdf,1040,937
2024-08-31,https://industrydemo.s3.amazonaws.com/f1040.pdf,1040,938
2024-09-01,https://industrydemo.s3.amazonaws.com/f1040.pdf,1040,939
2024-09-02,https://industrydemo.s3.amazonaws.com/f1040.pdf,1040,940
2024-09-03,https://industrydemo.s3.amazonaws.com/f1040.pdf,1040,941
2024-09-04,https://industrydemo.s3.amazonaws.com/f1040.pdf,1040,942
2024-09-05,https://industrydemo.s3.amazonaws.com/f1040.pdf,1040,943
2024-09-06,https://industrydemo.s3.amazonaws.com/f1040.pdf,1040,944
2024-09-07,https://industrydemo.s3.amazonaws.com/f1040.pdf,1040,945
2024-09-08,https://industrydemo.s3.amazonaws.com/f1040.pdf,1040,946
2024-09-09,https://industrydemo.s3.amazonaws.com/f1040.pdf,1040,947
2024-09-10,https://industrydemo.s3.amazonaws.com/f1040.pdf,1040,948
2024-09-11,https://industrydemo.s3.amazonaws.com/f1040.pdf,1040,949
2024-09-12,https://industrydemo.s3.amazonaws.com/f1040.pdf,1040,950
2024-09-13,https://industrydemo.s3.amazonaws.com/f1040.pdf,1040,951
2024-09-14,https://industrydemo.s3.amazonaws.com/f1040.pdf,1040,952
2024-09-15,https://industrydemo.s3.amazonaws.com/f1040.pdf,1040,953
2024-09-16,https://industrydemo.s3.amazonaws.com/f1040.pdf,1040,954
2024-09-17,https://industrydemo.s3.amazonaws.com/f1040.pdf,1040,955
2024-09-18,https://industrydemo.s3.amazonaws.com/f1040.pdf,1040,956
2024-09-19,https://industrydemo.s3.amazonaws.com/f1040.pdf,1040,957
2024-09-20,https://industrydemo.s3.amazonaws.com/f1040.pdf,1040,958
2024-09-21,https://industrydemo.s3.amazonaws.com/f1040.pdf,1040,959
2024-09-22,https://industrydemo.s3.amazonaws.com/f1040.pdf,1040,960
2024-09-23,https://industrydemo.s3.amazonaws.com/f1040.pdf,1040,961
2024-09-24,https://industrydemo.s3.amazonaws.com/f1040.pdf,1040,962
2024-09-25,https://industrydemo.s3.amazonaws.com/f1040.pdf,1040,963
2024-09-26,https://industrydemo.s3.amazonaws.com/f1040.pdf,1040,964
2024-09-27,https://industrydemo.s3.amazonaws.com/f1040.pdf,1040,965
2024-09-28,https://industrydemo.s3.amazonaws.com/f1040.pdf,1040,966
2024-09-29,https://industrydemo.s3.amazonaws.com/f1040.pdf,1040,967
2024-09-30,https://industrydemo.s3.amazonaws.com/f1040.pdf,1040,968
2024-10-01,https://industrydemo.s3.amazonaws.com/f1040.pdf,1040,969
2024-10-02,https://industrydemo.s3.amazonaws.com/f1040.pdf,1040,970
2024-10-03,https://industrydemo.s3.amazonaws.com/f1040.pdf,1040,971
2024-10-04,https://industrydemo.s3.amazonaws.com/f1040.pdf,1040,972
2024-10-05,https://industrydemo.s3.amazonaws.com/f1040.pdf,1040,973
2024-10-06,https://industrydemo.s3.amazonaws.com/f1040.pdf,1040,974
2024-10-07,https://industrydemo.s3.amazonaws.com/f1040.pdf,1040,975
2024-10-08,https://industrydemo.s3.amazonaws.com/f1040.pdf,1040,976
2024-10-09,https://industrydemo.s3.amazonaws.com/f1040.pdf,1040,977
2024-10-10,https://industrydemo.s3.amazonaws.com/f1040.pdf,1040,978
2024-10-11,https://industrydemo.s3.amazonaws.com/f1040.pdf,1040,979
2024-10-12,https://industrydemo.s3.amazonaws.com/f1040.pdf,1040,980
2024-10-13,https://industrydemo.s3.amazonaws.com/f1040.pdf,1040,981
2024-10-14,https://industrydemo.s3.amazonaws.com/f1040.pdf,1040,982
2024-10-15,https://industrydemo.s3.amazonaws.com/f1040.pdf,1040,983
2024-10-16,https://industrydemo.s3.amazonaws.com/f1040.pdf,1040,984
2024-10-17,https://industrydemo.s3.amazonaws.com/f1040.pdf,1040,985
2024-10-18,https://industrydemo.s3.amazonaws.com/f1040.pdf,1040,986
2024-10-19,https://industrydemo.s3.amazonaws.com/f1040.pdf,1040,987
2024-10-20,https://industrydemo.s3.amazonaws.com/f1040.pdf,1040,988
2024-10-21,https://industrydemo.s3.amazonaws.com/f1040.pdf,1040,989
2024-10-22,https://industrydemo.s3.amazonaws.com/f1040.pdf,1040,990
2024-10-23,https://industrydemo.s3.amazonaws.com/f1040.pdf,1040,991
2024-10-24,https://industrydemo.s3.amazonaws.com/f1040.pdf,1040,992
2024-10-25,https://industrydemo.s3.amazonaws.com/f1040.pdf,1040,993
2024-10-26,https://industrydemo.s3.amazonaws.com/f1040.pdf,1040,994
2024-10-27,https://industrydemo.s3.amazonaws.com/f1040.pdf,1040,995
2024-10-28,https://industrydemo.s3.amazonaws.com/f1040.pdf,1040,996
2024-10-29,https://industrydemo.s3.amazonaws.com/f1040.pdf,1040,997
2024-10-30,https://industrydemo.s3.amazonaws.com/f1040.pdf,1040,998
2024-10-31,https://industrydemo.s3.amazonaws.com/f1040.pdf,1040,999
2024-11-01,https://industrydemo.s3.amazonaws.com/f1040.pdf,1040,1000
2024-11-02,https://industrydemo.s3.amazonaws.com/f1040.pdf,1040,1001
2024-11-03,https://industrydemo.s3.amazonaws.com/f1040.pdf,1040,1002
2024-11-04,https://industrydemo.s3.amazonaws.com/f1040.pdf,1040,1003
2024-11-05,https://industrydemo.s3.amazonaws.com/f1040.pdf,1040,1004
2024-11-06,https://industrydemo.s3.amazonaws.com/f1040.pdf,1040,1005
2024-11-07,https://industrydemo.s3.amazonaws.com/f1040.pdf,1040,1006
2024-11-08,https://industrydemo.s3.amazonaws.com/f1040.pdf,1040,1007
2024-11-09,https://industrydemo.s3.amazonaws.com/f1040.pdf,1040,1008
2024-11-10,https://industrydemo.s3.amazonaws.com/f1040.pdf,1040,1009
2024-11-11,https://industrydemo.s3.amazonaws.com/f1040.pdf,1040,1010
2024-11-12,https://industrydemo.s3.amazonaws.com/f1040.pdf,1040,1011
2024-11-13,https://industrydemo.s3.amazonaws.com/f1040.pdf,1040,1012
2024-11-14,https://industrydemo.s3.amazonaws.com/f1040.pdf,1040,1013
2024-11-15,https://industrydemo.s3.amazonaws.com/f1040.pdf,1040,1014
2024-11-16,https://industrydemo.s3.amazonaws.com/f1040.pdf,1040,1015
2024-11-17,https://industrydemo.s3.amazonaws.com/f1040.pdf,1040,1016
2024-11-18,https://industrydemo.s3.amazonaws.com/f1040.pdf,1040,1017
2024-11-19,https://industrydemo.s3.amazonaws.com/f1040.pdf,1040,1018
2024-11-20,https://industrydemo.s3.amazonaws.com/f1040.pdf,1040,1019
2024-11-21,https://industrydemo.s3.amazonaws.com/f1040.pdf,1040,1020
2024-11-22,https://industrydemo.s3.amazonaws.com/f1040.pdf,1040,1021
2024-11-23,https://industrydemo.s3.amazonaws.com/f1040.pdf,1040,1022
2024-11-24,https://industrydemo.s3.amazonaws.com/f1040.pdf,1040,1023
2024-11-25,https://industrydemo.s3.amazonaws.com/f1040.pdf,1040,1024
2024-11-26,https://industrydemo.s3.amazonaws.com/f1040.pdf,1040,1025
2024-11-27,https://industrydemo.s3.amazonaws.com/f1040.pdf,1040,1026
2024-11-28,https://industrydemo.s3.amazonaws.com/f1040.pdf,1040,1027
2024-11-29,https://industrydemo.s3.amazonaws.com/f1040.pdf,1040,1028
2024-11-30,https://industrydemo.s3.amazonaws.com/f1040.pdf,1040,1029
2024-12-01,https://industrydemo.s3.amazonaws.com/f1040.pdf,1040,1030
2024-12-02,https://industrydemo.s3.amazonaws.com/f1040.pdf,1040,1031
2024-12-03,https://industrydemo.s3.amazonaws.com/f1040.pdf,1040,1032
2024-12-04,https://industrydemo.s3.amazonaws.com/f1040.pdf,1040,1033
2024-12-05,https://industrydemo.s3.amazonaws.com/f1040.pdf,1040,1034
2024-12-06,https://industrydemo.s3.amazonaws.com/f1040.pdf,1040,1035
2024-12-07,https://industrydemo.s3.amazonaws.com/f1040.pdf,1040,1036
2024-12-08,https://industrydemo.s3.amazonaws.com/f1040.pdf,1040,1037
2024-12-09,https://industrydemo.s3.amazonaws.com/f1040.pdf,1040,1038
2024-12-10,https://industrydemo.s3.amazonaws.com/f1040.pdf,1040,1039
2024-12-11,https://industrydemo.s3.amazonaws.com/f1040.pdf,1040,1040
2024-12-12,https://industrydemo.s3.amazonaws.com/f1040.pdf,1040,1041
2024-12-13,https://industrydemo.s3.amazonaws.com/f1040.pdf,1040,1042
2024-12-14,https://industrydemo.s3.amazonaws.com/f1040.pdf,1040,1043
2024-12-15,https://industrydemo.s3.amazonaws.com/f1040.pdf,1040,1044
2024-12-16,https://industrydemo.s3.amazonaws.com/f1040.pdf,1040,1045
2024-12-17,https://industrydemo.s3.amazonaws.com/f1040.pdf,1040,1046
2024-12-18,https://industrydemo.s3.amazonaws.com/f1040.pdf,1040,1047
2024-12-19,https://industrydemo.s3.amazonaws.com/f1040.pdf,1040,1048
2024-12-20,https://industrydemo.s3.amazonaws.com/f1040.pdf,1040,1049
2024-12-21,https://industrydemo.s3.amazonaws.com/f1040.pdf,1040,1050
2024-12-22,https://industrydemo.s3.amazonaws.com/f1040.pdf,1040,1051
2024-12-23,https://industrydemo.s3.amazonaws.com/f1040.pdf,1040,1052
2024-12-24,https://industrydemo.s3.amazonaws.com/f1040.pdf,1040,1053
2024-12-25,https://industrydemo.s3.amazonaws.com/f1040.pdf,1040,1054
2024-12-26,https://industrydemo.s3.amazonaws.com/f1040.pdf,1040,1055
2024-12-27,https://industrydemo.s3.amazonaws.com/f1040.pdf,1040,1056
2024-12-28,https://industrydemo.s3.amazonaws.com/f1040.pdf,1040,1057
2024-12-29,https://industrydemo.s3.amazonaws.com/f1040.pdf,1040,1058
2024-12-30,https://industrydemo.s3.amazonaws.com/f1040.pdf,1040,1059
2024-12-31,https://industrydemo.s3.amazonaws.com/f1040.pdf,1040,1060
2025-01-01,https://industrydemo.s3.amazonaws.com/f1040.pdf,1040,1061
2025-01-02,https://industrydemo.s3.amazonaws.com/f1040.pdf,1040,1062
2025-01-03,https://industrydemo.s3.amazonaws.com/f1040.pdf,1040,1063
2025-01-04,https://industrydemo.s3.amazonaws.com/f1040.pdf,1040,1064
2025-01-05,https://industrydemo.s3.amazonaws.com/f1040.pdf,1040,1065
2025-01-06,https://industrydemo.s3.amazonaws.com/f1040.pdf,1040,1066
2025-01-07,https://industrydemo.s3.amazonaws.com/f1040.pdf,1040,1067
2025-01-08,https://industrydemo.s3.amazonaws.com/f1040.pdf,1040,1068
2025-01-09,https://industrydemo.s3.amazonaws.com/f1040.pdf,1040,1069
2025-01-10,https://industrydemo.s3.amazonaws.com/f1040.pdf,1040,1070
2025-01-11,https://industrydemo.s3.amazonaws.com/f1040.pdf,1040,1071
2025-01-12,https://industrydemo.s3.amazonaws.com/f1040.pdf,1040,1072
2025-01-13,https://industrydemo.s3.amazonaws.com/f1040.pdf,1040,1073
2025-01-14,https://industrydemo.s3.amazonaws.com/f1040.pdf,1040,1074
2025-01-15,https://industrydemo.s3.amazonaws.com/f1040.pdf,1040,1075
2025-01-16,https://industrydemo.s3.amazonaws.com/f1040.pdf,1040,1076
2025-01-17,https://industrydemo.s3.amazonaws.com/f1040.pdf,1040,1077
2025-01-18,https://industrydemo.s3.amazonaws.com/f1040.pdf,1040,1078
2025-01-19,https://industrydemo.s3.amazonaws.com/f1040.pdf,1040,1079
2025-01-20,https://industrydemo.s3.amazonaws.com/f1040.pdf,1040,1080
2025-01-21,https://industrydemo.s3.amazonaws.com/f1040.pdf,1040,1081
2025-01-22,https://industrydemo.s3.amazonaws.com/f1040.pdf,1040,1082
2025-01-23,https://industrydemo.s3.amazonaws.com/f1040.pdf,1040,1083
2025-01-24,https://industrydemo.s3.amazonaws.com/f1040.pdf,1040,1084
2025-01-25,https://industrydemo.s3.amazonaws.com/f1040.pdf,1040,1085
2025-01-26,https://industrydemo.s3.amazonaws.com/f1040.pdf,1040,1086
2025-01-27,https://industrydemo.s3.amazonaws.com/f1040.pdf,1040,1087
2025-01-28,https://industrydemo.s3.amazonaws.com/f1040.pdf,1040,1088
2025-01-29,https://industrydemo.s3.amazonaws.com/f1040.pdf,1040,1089
2025-01-30,https://industrydemo.s3.amazonaws.com/f1040.pdf,1040,1090
2025-01-31,https://industrydemo.s3.amazonaws.com/f1040.pdf,1040,1091
2025-02-01,https://industrydemo.s3.amazonaws.com/f1040.pdf,1040,1092
2025-02-02,https://industrydemo.s3.amazonaws.com/f1040.pdf,1040,1093
2025-02-03,https://industrydemo.s3.amazonaws.com/f1040.pdf,1040,1094
2025-02-04,https://industrydemo.s3.amazonaws.com/f1040.pdf,1040,1095
2025-02-05,https://industrydemo.s3.amazonaws.com/f1040.pdf,1040,1096
2025-02-06,https://industrydemo.s3.amazonaws.com/f1040.pdf,1040,1097
2025-02-07,https://industrydemo.s3.amazonaws.com/f1040.pdf,1040,1098
2025-02-08,https://industrydemo.s3.amazonaws.com/f1040.pdf,1040,1099
2025-02-09,https://industrydemo.s3.amazonaws.com/f1040.pdf,1040,1100
2025-02-10,https://industrydemo.s3.amazonaws.com/f1040.pdf,1040,1101
2025-02-11,https://industrydemo.s3.amazonaws.com/f1040.pdf,1040,1102
2025-02-12,https://industrydemo.s3.amazonaws.com/f1040.pdf,1040,1103
2025-02-13,https://industrydemo.s3.amazonaws.com/f1040.pdf,1040,1104
2025-02-14,https://industrydemo.s3.amazonaws.com/f1040.pdf,1040,1105
2025-02-15,https://industrydemo.s3.amazonaws.com/f1040.pdf,1040,1106
2025-02-16,https://industrydemo.s3.amazonaws.com/f1040.pdf,1040,1107
2025-02-17,https://industrydemo.s3.amazonaws.com/f1040.pdf,1040,1108
2025-02-18,https://industrydemo.s3.amazonaws.com/f1040.pdf,1040,1109
2025-02-19,https://industrydemo.s3.amazonaws.com/f1040.pdf,1040,1110
2025-02-20,https://industrydemo.s3.amazonaws.com/f1040.pdf,1040,1111
2025-02-21,https://industrydemo.s3.amazonaws.com/f1040.pdf,1040,1112
2025-02-22,https://industrydemo.s3.amazonaws.com/f1040.pdf,1040,1113
2025-02-23,https://industrydemo.s3.amazonaws.com/f1040.pdf,1040,1114
2025-02-24,https://industrydemo.s3.amazonaws.com/f1040.pdf,1040,1115
2025-02-25,https://industrydemo.s3.amazonaws.com/f1040.pdf,1040,1116
2025-02-26,https://industrydemo.s3.amazonaws.com/f1040.pdf,1040,1117
2025-02-27,https://industrydemo.s3.amazonaws.com/f1040.pdf,1040,1118
2025-02-28,https://industrydemo.s3.amazonaws.com/f1040.pdf,1040,1119
2025-03-01,https://industrydemo.s3.amazonaws.com/f1040.pdf,1040,1120
2025-03-02,https://industrydemo.s3.amazonaws.com/f1040.pdf,1040,1121
2025-03-03,https://industrydemo.s3.amazonaws.com/f1040.pdf,1040,1122
2025-03-04,https://industrydemo.s3.amazonaws.com/f1040.pdf,1040,1123
2025-03-05,https://industrydemo.s3.amazonaws.com/f1040.pdf,1040,1124
2025-03-06,https://industrydemo.s3.amazonaws.com/f1040.pdf,1040,1125
2025-03-07,https://industrydemo.s3.amazonaws.com/f1040.pdf,1040,1126
2025-03-08,https://industrydemo.s3.amazonaws.com/f1040.pdf,1040,1127
2025-03-09,https://industrydemo.s3.amazonaws.com/f1040.pdf,1040,1128
2025-03-10,https://industrydemo.s3.amazonaws.com/f1040.pdf,1040,1129
2025-03-11,https://industrydemo.s3.amazonaws.com/f1040.pdf,1040,1130
2025-03-12,https://industrydemo.s3.amazonaws.com/f1040.pdf,1040,1131
2025-03-13,https://industrydemo.s3.amazonaws.com/f1040.pdf,1040,1132
2025-03-14,https://industrydemo.s3.amazonaws.com/f1040.pdf,1040,1133
2025-03-15,https://industrydemo.s3.amazonaws.com/f1040.pdf,1040,1134
2025-03-16,https://industrydemo.s3.amazonaws.com/f1040.pdf,1040,1135
2025-03-18,https://industrydemo.s3.amazonaws.com/f1040.pdf,1040,1136
2025-03-19,https://industrydemo.s3.amazonaws.com/f1040.pdf,1040,1137
2025-03-20,https://industrydemo.s3.amazonaws.com/f1040.pdf,1040,1138
2025-03-21,https://industrydemo.s3.amazonaws.com/f1040.pdf,1040,1139
2025-03-22,https://industrydemo.s3.amazonaws.com/f1040.pdf,1040,1140
2025-03-23,https://industrydemo.s3.amazonaws.com/f1040.pdf,1040,1141
2025-03-24,https://industrydemo.s3.amazonaws.com/f1040.pdf,1040,1142
2025-03-25,https://industrydemo.s3.amazonaws.com/f1040.pdf,1040,1143
2025-03-26,https://industrydemo.s3.amazonaws.com/f1040.pdf,1040,1144
2025-03-27,https://industrydemo.s3.amazonaws.com/f1040.pdf,1040,1145
2025-03-28,https://industrydemo.s3.amazonaws.com/f1040.pdf,1040,1146
2025-03-29,https://industrydemo.s3.amazonaws.com/f1040.pdf,1040,1147
2025-03-30,https://industrydemo.s3.amazonaws.com/f1040.pdf,1040,1148
2025-03-31,https://industrydemo.s3.amazonaws.com/f1040.pdf,1040,1149
2025-04-01,https://industrydemo.s3.amazonaws.com/f1040.pdf,1040,1150
2025-04-02,https://industrydemo.s3.amazonaws.com/f1040.pdf,1040,1151
2025-04-03,https://industrydemo.s3.amazonaws.com/f1040.pdf,1040,1152
2025-04-04,https://industrydemo.s3.amazonaws.com/f1040.pdf,1040,1153
2025-04-05,https://industrydemo.s3.amazonaws.com/f1040.pdf,1040,1154
2025-04-06,https://industrydemo.s3.amazonaws.com/f1040.pdf,1040,1155
2025-04-07,https://industrydemo.s3.amazonaws.com/f1040.pdf,1040,1156
2025-04-08,https://industrydemo.s3.amazonaws.com/f1040.pdf,1040,1157
2025-04-09,https://industrydemo.s3.amazonaws.com/f1040.pdf,1040,1158
2025-04-10,https://industrydemo.s3.amazonaws.com/f1040.pdf,1040,1159
2025-04-11,https://industrydemo.s3.amazonaws.com/f1040.pdf,1040,1160
2025-04-12,https://industrydemo.s3.amazonaws.com/f1040.pdf,1040,1161
2025-04-13,https://industrydemo.s3.amazonaws.com/f1040.pdf,1040,1162
2025-04-14,https://industrydemo.s3.amazonaws.com/f1040.pdf,1040,1163
2025-04-15,https://industrydemo.s3.amazonaws.com/f1040.pdf,1040,1164
2025-04-16,https://industrydemo.s3.amazonaws.com/f1040.pdf,1040,1165
2025-04-17,https://industrydemo.s3.amazonaws.com/f1040.pdf,1040,1166
2025-04-18,https://industrydemo.s3.amazonaws.com/f1040.pdf,1040,1167
2025-04-19,https://industrydemo.s3.amazonaws.com/f1040.pdf,1040,1168
2025-04-20,https://industrydemo.s3.amazonaws.com/f1040.pdf,1040,1169
2025-04-21,https://industrydemo.s3.amazonaws.com/f1040.pdf,1040,1170
2025-04-22,https://industrydemo.s3.amazonaws.com/f1040.pdf,1040,1171
2025-04-23,https://industrydemo.s3.amazonaws.com/f1040.pdf,1040,1172
2025-04-24,https://industrydemo.s3.amazonaws.com/f1040.pdf,1040,1173
2025-04-25,https://industrydemo.s3.amazonaws.com/f1040.pdf,1040,1174
2025-04-26,https://industrydemo.s3.amazonaws.com/f1040.pdf,1040,1175
2025-04-27,https://industrydemo.s3.amazonaws.com/f1040.pdf,1040,1176
2025-04-28,https://industrydemo.s3.amazonaws.com/f1040.pdf,1040,1177
2025-04-29,https://industrydemo.s3.amazonaws.com/f1040.pdf,1040,1178
2025-04-30,https://industrydemo.s3.amazonaws.com/f1040.pdf,1040,1179
2025-05-01,https://industrydemo.s3.amazonaws.com/f1040.pdf,1040,1180
2025-05-02,https://industrydemo.s3.amazonaws.com/f1040.pdf,1040,1181
2025-05-03,https://industrydemo.s3.amazonaws.com/f1040.pdf,1040,1182
2025-05-04,https://industrydemo.s3.amazonaws.com/f1040.pdf,1040,1183
2025-05-05,https://industrydemo.s3.amazonaws.com/f1040.pdf,1040,1184
2025-05-06,https://industrydemo.s3.amazonaws.com/f1040.pdf,1040,1185
2025-05-07,https://industrydemo.s3.amazonaws.com/f1040.pdf,1040,1186
2025-05-08,https://industrydemo.s3.amazonaws.com/f1040.pdf,1040,1187
2025-05-09,https://industrydemo.s3.amazonaws.com/f1040.pdf,1040,1188
2025-05-10,https://industrydemo.s3.amazonaws.com/f1040.pdf,1040,1189
2025-05-11,https://industrydemo.s3.amazonaws.com/f1040.pdf,1040,1190
2025-05-12,https://industrydemo.s3.amazonaws.com/f1040.pdf,1040,1191
2025-05-13,https://industrydemo.s3.amazonaws.com/f1040.pdf,1040,1192
2025-05-14,https://industrydemo.s3.amazonaws.com/f1040.pdf,1040,1193
2025-05-15,https://industrydemo.s3.amazonaws.com/f1040.pdf,1040,599
2025-05-16,https://industrydemo.s3.amazonaws.com/f1040.pdf,1040,600
2025-05-18,https://industrydemo.s3.amazonaws.com/i8804.pdf,8804,601
2025-05-19,https://industrydemo.s3.amazonaws.com/i8804.pdf,8804,602
2025-05-20,https://industrydemo.s3.amazonaws.com/i8804.pdf,8804,603
2025-05-21,https://industrydemo.s3.amazonaws.com/i8804.pdf,8804,604
2025-05-22,https://industrydemo.s3.amazonaws.com/i8804.pdf,8804,605
2025-05-23,https://industrydemo.s3.amazonaws.com/i8804.pdf,8804,606
2025-05-24,https://industrydemo.s3.amazonaws.com/i8804.pdf,8804,607
2025-05-25,https://industrydemo.s3.amazonaws.com/i8804.pdf,8804,608
2025-05-26,https://industrydemo.s3.amazonaws.com/i8804.pdf,8804,609
2025-05-27,https://industrydemo.s3.amazonaws.com/i8804.pdf,8804,610
2025-05-28,https://industrydemo.s3.amazonaws.com/i8804.pdf,8804,611
2025-05-29,https://industrydemo.s3.amazonaws.com/i8804.pdf,8804,612
2025-05-30,https://industrydemo.s3.amazonaws.com/i8804.pdf,8804,613
2025-05-31,https://industrydemo.s3.amazonaws.com/i8804.pdf,8804,614
2025-06-01,https://industrydemo.s3.amazonaws.com/i8804.pdf,8804,615
2025-06-02,https://industrydemo.s3.amazonaws.com/i8804.pdf,8804,616
2025-06-03,https://industrydemo.s3.amazonaws.com/i8804.pdf,8804,617
2025-06-04,https://industrydemo.s3.amazonaws.com/i8804.pdf,8804,618
2025-06-05,https://industrydemo.s3.amazonaws.com/i8804.pdf,8804,619
2025-06-06,https://industrydemo.s3.amazonaws.com/i8804.pdf,8804,620
2025-06-07,https://industrydemo.s3.amazonaws.com/i8804.pdf,8804,621
2025-06-08,https://industrydemo.s3.amazonaws.com/i8804.pdf,8804,622
2025-06-09,https://industrydemo.s3.amazonaws.com/i8804.pdf,8804,623
2025-06-10,https://industrydemo.s3.amazonaws.com/i8804.pdf,8804,624
2025-06-11,https://industrydemo.s3.amazonaws.com/i8804.pdf,8804,625
2025-06-12,https://industrydemo.s3.amazonaws.com/i8804.pdf,8804,626
2025-06-13,https://industrydemo.s3.amazonaws.com/i8804.pdf,8804,627
2025-06-14,https://industrydemo.s3.amazonaws.com/i8804.pdf,8804,628
2025-06-15,https://industrydemo.s3.amazonaws.com/i8804.pdf,8804,629
2025-06-16,https://industrydemo.s3.amazonaws.com/i8804.pdf,8804,630
2025-06-17,https://industrydemo.s3.amazonaws.com/i8804.pdf,8804,631
2025-06-18,https://industrydemo.s3.amazonaws.com/i8804.pdf,8804,632
2025-06-19,https://industrydemo.s3.amazonaws.com/i8804.pdf,8804,633
2025-06-20,https://industrydemo.s3.amazonaws.com/i8804.pdf,8804,634
2025-06-21,https://industrydemo.s3.amazonaws.com/i8804.pdf,8804,635
2025-06-22,https://industrydemo.s3.amazonaws.com/i8804.pdf,8804,636
2025-06-23,https://industrydemo.s3.amazonaws.com/i8804.pdf,8804,637
2025-06-24,https://industrydemo.s3.amazonaws.com/i8804.pdf,8804,638
2025-06-25,https://industrydemo.s3.amazonaws.com/i8804.pdf,8804,639
2025-06-26,https://industrydemo.s3.amazonaws.com/i8804.pdf,8804,640
2025-06-27,https://industrydemo.s3.amazonaws.com/i8804.pdf,8804,641
2025-06-28,https://industrydemo.s3.amazonaws.com/i8804.pdf,8804,642
2025-06-29,https://industrydemo.s3.amazonaws.com/i8804.pdf,8804,643
2025-06-30,https://industrydemo.s3.amazonaws.com/i8804.pdf,8804,644
2025-07-01,https://industrydemo.s3.amazonaws.com/i8804.pdf,8804,645
2025-07-02,https://industrydemo.s3.amazonaws.com/i8804.pdf,8804,646
2025-07-03,https://industrydemo.s3.amazonaws.com/i8804.pdf,8804,647
2025-07-04,https://industrydemo.s3.amazonaws.com/i8804.pdf,8804,648
2025-07-05,https://industrydemo.s3.amazonaws.com/i8804.pdf,8804,649
2025-07-06,https://industrydemo.s3.amazonaws.com/i8804.pdf,8804,650
2025-07-07,https://industrydemo.s3.amazonaws.com/i8804.pdf,8804,651
2025-07-08,https://industrydemo.s3.amazonaws.com/i8804.pdf,8804,652
2025-07-09,https://industrydemo.s3.amazonaws.com/i8804.pdf,8804,653
2025-07-10,https://industrydemo.s3.amazonaws.com/i8804.pdf,8804,654
2025-07-11,https://industrydemo.s3.amazonaws.com/i8804.pdf,8804,655
2025-07-12,https://industrydemo.s3.amazonaws.com/i8804.pdf,8804,656
2025-07-13,https://industrydemo.s3.amazonaws.com/i8804.pdf,8804,657
2025-07-14,https://industrydemo.s3.amazonaws.com/i8804.pdf,8804,658
2025-07-15,https://industrydemo.s3.amazonaws.com/i8804.pdf,8804,659
2025-07-16,https://industrydemo.s3.amazonaws.com/i8804.pdf,8804,660
2025-07-17,https://industrydemo.s3.amazonaws.com/i8804.pdf,8804,661
2025-07-18,https://industrydemo.s3.amazonaws.com/i8804.pdf,8804,662
2025-07-19,https://industrydemo.s3.amazonaws.com/i8804.pdf,8804,663
2025-07-20,https://industrydemo.s3.amazonaws.com/i8804.pdf,8804,664
2025-07-21,https://industrydemo.s3.amazonaws.com/i8804.pdf,8804,665
2025-07-22,https://industrydemo.s3.amazonaws.com/i8804.pdf,8804,666
2025-07-23,https://industrydemo.s3.amazonaws.com/i8804.pdf,8804,667
2025-07-24,https://industrydemo.s3.amazonaws.com/i8804.pdf,8804,668
2025-07-25,https://industrydemo.s3.amazonaws.com/i8804.pdf,8804,669
2025-07-26,https://industrydemo.s3.amazonaws.com/i8804.pdf,8804,670
2025-07-27,https://industrydemo.s3.amazonaws.com/i8804.pdf,8804,671
2025-07-28,https://industrydemo.s3.amazonaws.com/i8804.pdf,8804,672
2025-07-29,https://industrydemo.s3.amazonaws.com/i8804.pdf,8804,673
2025-07-30,https://industrydemo.s3.amazonaws.com/i8804.pdf,8804,674
2025-07-31,https://industrydemo.s3.amazonaws.com/i8804.pdf,8804,675
2025-08-01,https://industrydemo.s3.amazonaws.com/i8804.pdf,8804,676
2025-08-02,https://industrydemo.s3.amazonaws.com/i8804.pdf,8804,677
2025-08-03,https://industrydemo.s3.amazonaws.com/i8804.pdf,8804,678
2025-08-04,https://industrydemo.s3.amazonaws.com/i8804.pdf,8804,679
2025-08-05,https://industrydemo.s3.amazonaws.com/i8804.pdf,8804,680
2025-08-06,https://industrydemo.s3.amazonaws.com/i8804.pdf,8804,681
2025-08-07,https://industrydemo.s3.amazonaws.com/i8804.pdf,8804,682
2025-08-08,https://industrydemo.s3.amazonaws.com/i8804.pdf,8804,683
2025-08-09,https://industrydemo.s3.amazonaws.com/i8804.pdf,8804,684
2025-08-10,https://industrydemo.s3.amazonaws.com/i8804.pdf,8804,685
2025-08-11,https://industrydemo.s3.amazonaws.com/i8804.pdf,8804,686
2025-08-12,https://industrydemo.s3.amazonaws.com/i8804.pdf,8804,687
2025-08-13,https://industrydemo.s3.amazonaws.com/i8804.pdf,8804,688
2025-08-14,https://industrydemo.s3.amazonaws.com/i8804.pdf,8804,689
2025-08-15,https://industrydemo.s3.amazonaws.com/i8804.pdf,8804,690
2025-08-16,https://industrydemo.s3.amazonaws.com/i8804.pdf,8804,691
2025-08-17,https://industrydemo.s3.amazonaws.com/i8804.pdf,8804,692
2025-08-18,https://industrydemo.s3.amazonaws.com/i8804.pdf,8804,693
2025-08-19,https://industrydemo.s3.amazonaws.com/i8804.pdf,8804,694
2025-08-20,https://industrydemo.s3.amazonaws.com/i8804.pdf,8804,695
2025-08-21,https://industrydemo.s3.amazonaws.com/i8804.pdf,8804,696
2025-08-22,https://industrydemo.s3.amazonaws.com/i8804.pdf,8804,697
2025-08-23,https://industrydemo.s3.amazonaws.com/i8804.pdf,8804,698
2025-08-24,https://industrydemo.s3.amazonaws.com/i8804.pdf,8804,699
2025-08-25,https://industrydemo.s3.amazonaws.com/i8804.pdf,8804,700
2025-08-26,https://industrydemo.s3.amazonaws.com/i8804.pdf,8804,701
2025-08-27,https://industrydemo.s3.amazonaws.com/i8804.pdf,8804,702
2025-08-28,https://industrydemo.s3.amazonaws.com/i8804.pdf,8804,703
2025-08-29,https://industrydemo.s3.amazonaws.com/i8804.pdf,8804,704
2025-08-30,https://industrydemo.s3.amazonaws.com/i8804.pdf,8804,705
2025-08-31,https://industrydemo.s3.amazonaws.com/i8804.pdf,8804,706
2025-09-01,https://industrydemo.s3.amazonaws.com/i8804.pdf,8804,707
2025-09-02,https://industrydemo.s3.amazonaws.com/i8804.pdf,8804,708
2025-09-03,https://industrydemo.s3.amazonaws.com/i8804.pdf,8804,709
2025-09-04,https://industrydemo.s3.amazonaws.com/i8804.pdf,8804,710
2025-09-05,https://industrydemo.s3.amazonaws.com/i8804.pdf,8804,711
2025-09-06,https://industrydemo.s3.amazonaws.com/i8804.pdf,8804,712
2025-09-07,https://industrydemo.s3.amazonaws.com/i8804.pdf,8804,713
2025-09-08,https://industrydemo.s3.amazonaws.com/i8804.pdf,8804,714
2025-09-09,https://industrydemo.s3.amazonaws.com/i8804.pdf,8804,715
2025-09-10,https://industrydemo.s3.amazonaws.com/i8804.pdf,8804,716
2025-09-11,https://industrydemo.s3.amazonaws.com/i8804.pdf,8804,717
2025-09-12,https://industrydemo.s3.amazonaws.com/i8804.pdf,8804,718
2025-09-13,https://industrydemo.s3.amazonaws.com/i8804.pdf,8804,719
2025-09-14,https://industrydemo.s3.amazonaws.com/i8804.pdf,8804,720
2025-09-15,https://industrydemo.s3.amazonaws.com/i8804.pdf,8804,721
2025-09-16,https://industrydemo.s3.amazonaws.com/i8804.pdf,8804,722
2025-09-17,https://industrydemo.s3.amazonaws.com/i8804.pdf,8804,723
2025-09-18,https://industrydemo.s3.amazonaws.com/i8804.pdf,8804,724
2025-09-19,https://industrydemo.s3.amazonaws.com/i8804.pdf,8804,725
2025-09-20,https://industrydemo.s3.amazonaws.com/i8804.pdf,8804,726
2025-09-21,https://industrydemo.s3.amazonaws.com/i8804.pdf,8804,727
2025-09-22,https://industrydemo.s3.amazonaws.com/i8804.pdf,8804,728
2025-09-23,https://industrydemo.s3.amazonaws.com/i8804.pdf,8804,729
2025-09-25,https://industrydemo.s3.amazonaws.com/i8804.pdf,8804,731
2025-09-26,https://industrydemo.s3.amazonaws.com/i8804.pdf,8804,732
2025-09-27,https://industrydemo.s3.amazonaws.com/i8804.pdf,8804,733
2025-09-28,https://industrydemo.s3.amazonaws.com/i8804.pdf,8804,734
2025-09-29,https://industrydemo.s3.amazonaws.com/i8804.pdf,8804,735
2025-09-30,https://industrydemo.s3.amazonaws.com/i8804.pdf,8804,736
2025-10-01,https://industrydemo.s3.amazonaws.com/i8804.pdf,8804,737
2025-10-02,https://industrydemo.s3.amazonaws.com/i8804.pdf,8804,738
2025-10-03,https://industrydemo.s3.amazonaws.com/i8804.pdf,8804,739
2025-10-04,https://industrydemo.s3.amazonaws.com/i8804.pdf,8804,740
2025-10-05,https://industrydemo.s3.amazonaws.com/i8804.pdf,8804,741
2025-10-06,https://industrydemo.s3.amazonaws.com/i8804.pdf,8804,742
2025-10-07,https://industrydemo.s3.amazonaws.com/i8804.pdf,8804,743
2025-10-08,https://industrydemo.s3.amazonaws.com/i8804.pdf,8804,744
2025-10-09,https://industrydemo.s3.amazonaws.com/i8804.pdf,8804,745
2025-10-10,https://industrydemo.s3.amazonaws.com/i8804.pdf,8804,746
2025-10-11,https://industrydemo.s3.amazonaws.com/i8804.pdf,8804,747
2025-10-12,https://industrydemo.s3.amazonaws.com/i8804.pdf,8804,748
2025-10-13,https://industrydemo.s3.amazonaws.com/i8804.pdf,8804,749
2025-10-14,https://industrydemo.s3.amazonaws.com/i8804.pdf,8804,750
2025-10-15,https://industrydemo.s3.amazonaws.com/i8804.pdf,8804,751
2025-10-16,https://industrydemo.s3.amazonaws.com/i8804.pdf,8804,752
2025-10-17,https://industrydemo.s3.amazonaws.com/i8804.pdf,8804,753
2025-10-18,https://industrydemo.s3.amazonaws.com/i8804.pdf,8804,754
2025-10-19,https://industrydemo.s3.amazonaws.com/i8804.pdf,8804,755
2025-10-20,https://industrydemo.s3.amazonaws.com/i8804.pdf,8804,756
2025-10-21,https://industrydemo.s3.amazonaws.com/i8804.pdf,8804,757
2025-10-22,https://industrydemo.s3.amazonaws.com/i8804.pdf,8804,758
2025-10-23,https://industrydemo.s3.amazonaws.com/i8804.pdf,8804,759
2025-10-24,https://industrydemo.s3.amazonaws.com/i8804.pdf,8804,760
2025-10-25,https://industrydemo.s3.amazonaws.com/i8804.pdf,8804,761
2025-10-26,https://industrydemo.s3.amazonaws.com/i8804.pdf,8804,762
2025-10-27,https://industrydemo.s3.amazonaws.com/i8804.pdf,8804,763
2025-10-28,https://industrydemo.s3.amazonaws.com/i8804.pdf,8804,764
2025-10-29,https://industrydemo.s3.amazonaws.com/i8804.pdf,8804,765
2025-10-30,https://industrydemo.s3.amazonaws.com/i8804.pdf,8804,766
2025-10-31,https://industrydemo.s3.amazonaws.com/i8804.pdf,8804,767
2025-11-01,https://industrydemo.s3.amazonaws.com/i8804.pdf,8804,768
2025-11-02,https://industrydemo.s3.amazonaws.com/i8804.pdf,8804,769
2025-11-03,https://industrydemo.s3.amazonaws.com/i8804.pdf,8804,770
2025-11-04,https://industrydemo.s3.amazonaws.com/i8804.pdf,8804,771
2025-11-05,https://industrydemo.s3.amazonaws.com/i8804.pdf,8804,772
2025-11-06,https://industrydemo.s3.amazonaws.com/i8804.pdf,8804,773
2025-11-07,https://industrydemo.s3.amazonaws.com/i8804.pdf,8804,774
2025-11-08,https://industrydemo.s3.amazonaws.com/i8804.pdf,8804,775
2025-11-09,https://industrydemo.s3.amazonaws.com/i8804.pdf,8804,776
2025-11-10,https://industrydemo.s3.amazonaws.com/i8804.pdf,8804,777
2025-11-11,https://industrydemo.s3.amazonaws.com/i8804.pdf,8804,778
2025-11-12,https://industrydemo.s3.amazonaws.com/i8804.pdf,8804,779
2025-11-13,https://industrydemo.s3.amazonaws.com/i8804.pdf,8804,780
2025-11-14,https://industrydemo.s3.amazonaws.com/i8804.pdf,8804,781
2025-11-15,https://industrydemo.s3.amazonaws.com/i8804.pdf,8804,782
2025-11-16,https://industrydemo.s3.amazonaws.com/i8804.pdf,8804,783
2025-11-17,https://industrydemo.s3.amazonaws.com/i8804.pdf,8804,784
2025-11-18,https://industrydemo.s3.amazonaws.com/i8804.pdf,8804,785
2025-11-19,https://industrydemo.s3.amazonaws.com/i8804.pdf,8804,786
2025-11-20,https://industrydemo.s3.amazonaws.com/i8804.pdf,8804,787
2025-11-21,https://industrydemo.s3.amazonaws.com/i8804.pdf,8804,788
2025-11-22,https://industrydemo.s3.amazonaws.com/i8804.pdf,8804,789
2025-11-23,https://industrydemo.s3.amazonaws.com/i8804.pdf,8804,790
2025-11-24,https://industrydemo.s3.amazonaws.com/i8804.pdf,8804,791
2025-11-25,https://industrydemo.s3.amazonaws.com/i8804.pdf,8804,792
2025-11-26,https://industrydemo.s3.amazonaws.com/i8804.pdf,8804,793
2025-11-27,https://industrydemo.s3.amazonaws.com/i8804.pdf,8804,794
2025-11-28,https://industrydemo.s3.amazonaws.com/i8804.pdf,8804,795
2025-11-29,https://industrydemo.s3.amazonaws.com/i8804.pdf,8804,796
2025-11-30,https://industrydemo.s3.amazonaws.com/i8804.pdf,8804,797
2025-12-01,https://industrydemo.s3.amazonaws.com/i8804.pdf,8804,798
2025-12-02,https://industrydemo.s3.amazonaws.com/i8804.pdf,8804,799
2025-12-03,https://industrydemo.s3.amazonaws.com/i8804.pdf,8804,800
2025-12-04,https://industrydemo.s3.amazonaws.com/i8804.pdf,8804,801
2025-12-05,https://industrydemo.s3.amazonaws.com/i8804.pdf,8804,802
2025-12-06,https://industrydemo.s3.amazonaws.com/i8804.pdf,8804,803
2025-12-07,https://industrydemo.s3.amazonaws.com/i8804.pdf,8804,804
2025-12-08,https://industrydemo.s3.amazonaws.com/i8804.pdf,8804,805
2025-12-09,https://industrydemo.s3.amazonaws.com/i8804.pdf,8804,806
2025-12-10,https://industrydemo.s3.amazonaws.com/i8804.pdf,8804,807
2025-12-11,https://industrydemo.s3.amazonaws.com/i8804.pdf,8804,808
2025-12-12,https://industrydemo.s3.amazonaws.com/i8804.pdf,8804,809
2025-12-13,https://industrydemo.s3.amazonaws.com/i8804.pdf,8804,810
2025-12-14,https://industrydemo.s3.amazonaws.com/i8804.pdf,8804,811
2025-12-15,https://industrydemo.s3.amazonaws.com/i8804.pdf,8804,812
2025-12-16,https://industrydemo.s3.amazonaws.com/i8804.pdf,8804,813
2025-12-17,https://industrydemo.s3.amazonaws.com/i8804.pdf,8804,814
2025-12-18,https://industrydemo.s3.amazonaws.com/i8804.pdf,8804,815
2025-12-19,https://industrydemo.s3.amazonaws.com/i8804.pdf,8804,816
2025-12-20,https://industrydemo.s3.amazonaws.com/i8804.pdf,8804,817
2025-12-21,https://industrydemo.s3.amazonaws.com/i8804.pdf,8804,818
2025-12-22,https://industrydemo.s3.amazonaws.com/i8804.pdf,8804,819
2025-12-23,https://industrydemo.s3.amazonaws.com/i8804.pdf,8804,820
2025-12-24,https://industrydemo.s3.amazonaws.com/i8804.pdf,8804,821
2025-12-25,https://industrydemo.s3.amazonaws.com/i8804.pdf,8804,822
2025-12-26,https://industrydemo.s3.amazonaws.com/i8804.pdf,8804,823
2025-12-27,https://industrydemo.s3.amazonaws.com/i8804.pdf,8804,824
2025-12-28,https://industrydemo.s3.amazonaws.com/i8804.pdf,8804,825
2025-12-29,https://industrydemo.s3.amazonaws.com/i8804.pdf,8804,826
2025-12-30,https://industrydemo.s3.amazonaws.com/i8804.pdf,8804,827
2025-12-31,https://industrydemo.s3.amazonaws.com/i8804.pdf,8804,828
2026-01-01,https://industrydemo.s3.amazonaws.com/i8804.pdf,8804,829
2026-01-02,https://industrydemo.s3.amazonaws.com/i8804.pdf,8804,830
2026-01-03,https://industrydemo.s3.amazonaws.com/i8804.pdf,8804,831
2026-01-04,https://industrydemo.s3.amazonaws.com/i8804.pdf,8804,832
2026-01-05,https://industrydemo.s3.amazonaws.com/i8804.pdf,8804,833
2026-01-06,https://industrydemo.s3.amazonaws.com/i8804.pdf,8804,834
2026-01-07,https://industrydemo.s3.amazonaws.com/i8804.pdf,8804,835
2026-01-08,https://industrydemo.s3.amazonaws.com/i8804.pdf,8804,836
2026-01-09,https://industrydemo.s3.amazonaws.com/i8804.pdf,8804,837
2026-01-10,https://industrydemo.s3.amazonaws.com/i8804.pdf,8804,838
2026-01-11,https://industrydemo.s3.amazonaws.com/i8804.pdf,8804,839
2026-01-12,https://industrydemo.s3.amazonaws.com/i8804.pdf,8804,840
2026-01-13,https://industrydemo.s3.amazonaws.com/i8804.pdf,8804,841
2026-01-14,https://industrydemo.s3.amazonaws.com/i8804.pdf,8804,842
2026-01-15,https://industrydemo.s3.amazonaws.com/i8804.pdf,8804,843
2026-01-16,https://industrydemo.s3.amazonaws.com/i8804.pdf,8804,844
2026-01-17,https://industrydemo.s3.amazonaws.com/i8804.pdf,8804,845
2026-01-19,https://industrydemo.s3.amazonaws.com/i8804.pdf,8804,847
2026-01-20,https://industrydemo.s3.amazonaws.com/i8804.pdf,8804,848
2026-01-21,https://industrydemo.s3.amazonaws.com/i8804.pdf,8804,849
2026-01-22,https://industrydemo.s3.amazonaws.com/i8804.pdf,8804,850
2026-01-23,https://industrydemo.s3.amazonaws.com/i8804.pdf,8804,851
2026-01-24,https://industrydemo.s3.amazonaws.com/i8804.pdf,8804,852
2026-01-25,https://industrydemo.s3.amazonaws.com/i8804.pdf,8804,853
2026-01-26,https://industrydemo.s3.amazonaws.com/i8804.pdf,8804,854
2026-01-27,https://industrydemo.s3.amazonaws.com/i8804.pdf,8804,855
2026-01-28,https://industrydemo.s3.amazonaws.com/i8804.pdf,8804,856
2026-01-29,https://industrydemo.s3.amazonaws.com/i8804.pdf,8804,857
2026-01-30,https://industrydemo.s3.amazonaws.com/i8804.pdf,8804,858
2026-01-31,https://industrydemo.s3.amazonaws.com/i8804.pdf,8804,859
2026-02-01,https://industrydemo.s3.amazonaws.com/i8804.pdf,8804,860
2026-02-02,https://industrydemo.s3.amazonaws.com/i8804.pdf,8804,861
2026-02-03,https://industrydemo.s3.amazonaws.com/i8804.pdf,8804,862
2026-02-04,https://industrydemo.s3.amazonaws.com/i8804.pdf,8804,863
2026-02-05,https://industrydemo.s3.amazonaws.com/i8804.pdf,8804,864
2026-02-06,https://industrydemo.s3.amazonaws.com/i8804.pdf,8804,865
2026-02-07,https://industrydemo.s3.amazonaws.com/i8804.pdf,8804,866
2026-02-08,https://industrydemo.s3.amazonaws.com/i8804.pdf,8804,867
2026-02-09,https://industrydemo.s3.amazonaws.com/i8804.pdf,8804,868
2026-02-10,https://industrydemo.s3.amazonaws.com/i8804.pdf,8804,869
2026-02-11,https://industrydemo.s3.amazonaws.com/i8804.pdf,8804,870
2026-02-12,https://industrydemo.s3.amazonaws.com/i8804.pdf,8804,871
2026-02-13,https://industrydemo.s3.amazonaws.com/i8804.pdf,8804,872
2026-02-14,https://industrydemo.s3.amazonaws.com/i8804.pdf,8804,873
2026-02-15,https://industrydemo.s3.amazonaws.com/i8804.pdf,8804,874
2026-02-16,https://industrydemo.s3.amazonaws.com/i8804.pdf,8804,875
2026-02-17,https://industrydemo.s3.amazonaws.com/i8804.pdf,8804,876
2026-02-18,https://industrydemo.s3.amazonaws.com/i8804.pdf,8804,877
2026-02-19,https://industrydemo.s3.amazonaws.com/i8804.pdf,8804,878
2026-02-20,https://industrydemo.s3.amazonaws.com/i8804.pdf,8804,879
2026-02-21,https://industrydemo.s3.amazonaws.com/i8804.pdf,8804,880
2026-02-22,https://industrydemo.s3.amazonaws.com/i8804.pdf,8804,881
2026-02-23,https://industrydemo.s3.amazonaws.com/i8804.pdf,8804,882
2026-02-24,https://industrydemo.s3.amazonaws.com/i8804.pdf,8804,883
2026-02-25,https://industrydemo.s3.amazonaws.com/i8804.pdf,8804,884
2026-02-26,https://industrydemo.s3.amazonaws.com/i8804.pdf,8804,885
2026-02-27,https://industrydemo.s3.amazonaws.com/i8804.pdf,8804,886
2026-02-28,https://industrydemo.s3.amazonaws.com/i8804.pdf,8804,887
2026-03-01,https://industrydemo.s3.amazonaws.com/i8804.pdf,8804,888
2026-03-02,https://industrydemo.s3.amazonaws.com/i8804.pdf,8804,889
2026-03-03,https://industrydemo.s3.amazonaws.com/i8804.pdf,8804,890
2026-03-04,https://industrydemo.s3.amazonaws.com/i8804.pdf,8804,891
2026-03-05,https://industrydemo.s3.amazonaws.com/i8804.pdf,8804,892
2026-03-06,https://industrydemo.s3.amazonaws.com/i8804.pdf,8804,893
2026-03-07,https://industrydemo.s3.amazonaws.com/i8804.pdf,8804,894
2026-03-08,https://industrydemo.s3.amazonaws.com/i8804.pdf,8804,895
2026-03-09,https://industrydemo.s3.amazonaws.com/i8804.pdf,8804,896
2026-03-10,https://industrydemo.s3.amazonaws.com/i8804.pdf,8804,897
2026-03-11,https://industrydemo.s3.amazonaws.com/i8804.pdf,8804,898
2026-03-12,https://industrydemo.s3.amazonaws.com/i8804.pdf,8804,899
2026-03-13,https://industrydemo.s3.amazonaws.com/i8804.pdf,8804,900
2026-03-14,https://industrydemo.s3.amazonaws.com/i8804.pdf,8804,901
2026-03-15,https://industrydemo.s3.amazonaws.com/i8804.pdf,8804,902
2026-03-16,https://industrydemo.s3.amazonaws.com/i8804.pdf,8804,903
2026-03-17,https://industrydemo.s3.amazonaws.com/i8804.pdf,8804,904
2026-03-18,https://industrydemo.s3.amazonaws.com/i8804.pdf,8804,905
2026-03-19,https://industrydemo.s3.amazonaws.com/i8804.pdf,8804,906
2026-03-21,https://industrydemo.s3.amazonaws.com/i8804.pdf,8804,907
2026-03-22,https://industrydemo.s3.amazonaws.com/i8804.pdf,8804,908
2026-03-23,https://industrydemo.s3.amazonaws.com/i8804.pdf,8804,909
2026-03-24,https://industrydemo.s3.amazonaws.com/i8804.pdf,8804,910
2026-03-25,https://industrydemo.s3.amazonaws.com/i8804.pdf,8804,911
2026-03-26,https://industrydemo.s3.amazonaws.com/i8804.pdf,8804,912
2026-03-27,https://industrydemo.s3.amazonaws.com/i8804.pdf,8804,913
2026-03-28,https://industrydemo.s3.amazonaws.com/i8804.pdf,8804,914
2026-03-29,https://industrydemo.s3.amazonaws.com/i8804.pdf,8804,915
2026-03-30,https://industrydemo.s3.amazonaws.com/i8804.pdf,8804,916
2026-03-31,https://industrydemo.s3.amazonaws.com/i8804.pdf,8804,917
2026-04-01,https://industrydemo.s3.amazonaws.com/i8804.pdf,8804,918
2026-04-02,https://industrydemo.s3.amazonaws.com/i8804.pdf,8804,919
2026-04-03,https://industrydemo.s3.amazonaws.com/i8804.pdf,8804,920
2026-04-04,https://industrydemo.s3.amazonaws.com/i8804.pdf,8804,921
2026-04-05,https://industrydemo.s3.amazonaws.com/i8804.pdf,8804,922
2026-04-06,https://industrydemo.s3.amazonaws.com/i8804.pdf,8804,923
2026-04-07,https://industrydemo.s3.amazonaws.com/i8804.pdf,8804,924
2026-04-08,https://industrydemo.s3.amazonaws.com/i8804.pdf,8804,925
2026-04-09,https://industrydemo.s3.amazonaws.com/i8804.pdf,8804,926
2026-04-10,https://industrydemo.s3.amazonaws.com/i8804.pdf,8804,927
2026-04-11,https://industrydemo.s3.amazonaws.com/i8804.pdf,8804,928
2026-04-12,https://industrydemo.s3.amazonaws.com/i8804.pdf,8804,929
2026-04-13,https://industrydemo.s3.amazonaws.com/i8804.pdf,8804,930
2026-04-14,https://industrydemo.s3.amazonaws.com/i8804.pdf,8804,931
2026-04-15,https://industrydemo.s3.amazonaws.com/i8804.pdf,8804,932
2026-04-16,https://industrydemo.s3.amazonaws.com/i8804.pdf,8804,933
2026-04-17,https://industrydemo.s3.amazonaws.com/i8804.pdf,8804,934
2026-04-18,https://industrydemo.s3.amazonaws.com/i8804.pdf,8804,935
2026-04-19,https://industrydemo.s3.amazonaws.com/i8804.pdf,8804,936
2026-04-20,https://industrydemo.s3.amazonaws.com/i8804.pdf,8804,937
2026-04-21,https://industrydemo.s3.amazonaws.com/i8804.pdf,8804,938
2026-04-22,https://industrydemo.s3.amazonaws.com/i8804.pdf,8804,939
2026-04-23,https://industrydemo.s3.amazonaws.com/i8804.pdf,8804,940
2026-04-24,https://industrydemo.s3.amazonaws.com/i8804.pdf,8804,941
2026-04-25,https://industrydemo.s3.amazonaws.com/i8804.pdf,8804,942
2026-04-26,https://industrydemo.s3.amazonaws.com/i8804.pdf,8804,943
2026-04-27,https://industrydemo.s3.amazonaws.com/i8804.pdf,8804,944
2026-04-28,https://industrydemo.s3.amazonaws.com/i8804.pdf,8804,945
2026-04-29,https://industrydemo.s3.amazonaws.com/i8804.pdf,8804,946
2026-04-30,https://industrydemo.s3.amazonaws.com/i8804.pdf,8804,947
2026-05-01,https://industrydemo.s3.amazonaws.com/i8804.pdf,8804,948
2026-05-02,https://industrydemo.s3.amazonaws.com/i8804.pdf,8804,949
2026-05-03,https://industrydemo.s3.amazonaws.com/i8804.pdf,8804,950
2026-05-04,https://industrydemo.s3.amazonaws.com/i8804.pdf,8804,951
2026-05-05,https://industrydemo.s3.amazonaws.com/i8804.pdf,8804,952
2026-05-06,https://industrydemo.s3.amazonaws.com/i8804.pdf,8804,953
2026-05-07,https://industrydemo.s3.amazonaws.com/i8804.pdf,8804,954
2026-05-08,https://industrydemo.s3.amazonaws.com/i8804.pdf,8804,955
2026-05-09,https://industrydemo.s3.amazonaws.com/i8804.pdf,8804,956
2026-05-10,https://industrydemo.s3.amazonaws.com/i8804.pdf,8804,957
2026-05-11,https://industrydemo.s3.amazonaws.com/i8804.pdf,8804,958
2026-05-12,https://industrydemo.s3.amazonaws.com/i8804.pdf,8804,959
2026-05-13,https://industrydemo.s3.amazonaws.com/i8804.pdf,8804,960
2026-05-14,https://industrydemo.s3.amazonaws.com/i8804.pdf,8804,961
2026-05-15,https://industrydemo.s3.amazonaws.com/i8804.pdf,8804,962
2026-05-16,https://industrydemo.s3.amazonaws.com/i8804.pdf,8804,963
2026-05-17,https://industrydemo.s3.amazonaws.com/i8804.pdf,8804,964
2026-05-18,https://industrydemo.s3.amazonaws.com/i8804.pdf,8804,965
2026-05-19,https://industrydemo.s3.amazonaws.com/i8804.pdf,8804,966
2026-05-20,https://industrydemo.s3.amazonaws.com/i8804.pdf,8804,967
2026-05-21,https://industrydemo.s3.amazonaws.com/i8804.pdf,8804,968
2026-05-22,https://industrydemo.s3.amazonaws.com/i8804.pdf,8804,969
2026-05-23,https://industrydemo.s3.amazonaws.com/i8804.pdf,8804,970
2026-05-24,https://industrydemo.s3.amazonaws.com/i8804.pdf,8804,971
2026-05-25,https://industrydemo.s3.amazonaws.com/i8804.pdf,8804,972
2026-05-26,https://industrydemo.s3.amazonaws.com/i8804.pdf,8804,973
2026-05-27,https://industrydemo.s3.amazonaws.com/i8804.pdf,8804,974
2026-05-28,https://industrydemo.s3.amazonaws.com/i8804.pdf,8804,975
2026-05-29,https://industrydemo.s3.amazonaws.com/i8804.pdf,8804,976
2026-05-30,https://industrydemo.s3.amazonaws.com/i8804.pdf,8804,977
2026-05-31,https://industrydemo.s3.amazonaws.com/i8804.pdf,8804,978
2026-06-01,https://industrydemo.s3.amazonaws.com/i8804.pdf,8804,979
2026-06-02,https://industrydemo.s3.amazonaws.com/i8804.pdf,8804,980
2026-06-03,https://industrydemo.s3.amazonaws.com/i8804.pdf,8804,981
2026-06-04,https://industrydemo.s3.amazonaws.com/i8804.pdf,8804,982
2026-06-05,https://industrydemo.s3.amazonaws.com/i8804.pdf,8804,983
2026-06-06,https://industrydemo.s3.amazonaws.com/i8804.pdf,8804,984
2026-06-07,https://industrydemo.s3.amazonaws.com/i8804.pdf,8804,985
2026-06-08,https://industrydemo.s3.amazonaws.com/i8804.pdf,8804,986
2026-06-09,https://industrydemo.s3.amazonaws.com/i8804.pdf,8804,987
2026-06-10,https://industrydemo.s3.amazonaws.com/i8804.pdf,8804,988
2026-06-11,https://industrydemo.s3.amazonaws.com/i8804.pdf,8804,989
2026-06-12,https://industrydemo.s3.amazonaws.com/i8804.pdf,8804,990
2026-06-13,https://industrydemo.s3.amazonaws.com/i8804.pdf,8804,991
2026-06-14,https://industrydemo.s3.amazonaws.com/i8804.pdf,8804,992
2026-06-15,https://industrydemo.s3.amazonaws.com/i8804.pdf,8804,993
2026-06-16,https://industrydemo.s3.amazonaws.com/i8804.pdf,8804,994
2026-06-17,https://industrydemo.s3.amazonaws.com/i8804.pdf,8804,995
2026-06-18,https://industrydemo.s3.amazonaws.com/i8804.pdf,8804,996
2026-06-19,https://industrydemo.s3.amazonaws.com/i8804.pdf,8804,997
2026-06-20,https://industrydemo.s3.amazonaws.com/i8804.pdf,8804,998
2026-06-21,https://industrydemo.s3.amazonaws.com/i8804.pdf,8804,999
2026-06-22,https://industrydemo.s3.amazonaws.com/i8804.pdf,8804,1000
2026-06-23,https://industrydemo.s3.amazonaws.com/i8804.pdf,8804,1001
2026-06-24,https://industrydemo.s3.amazonaws.com/i8804.pdf,8804,1002
2026-06-25,https://industrydemo.s3.amazonaws.com/i8804.pdf,8804,1003
2026-06-26,https://industrydemo.s3.amazonaws.com/i8804.pdf,8804,1004
2026-06-27,https://industrydemo.s3.amazonaws.com/i8804.pdf,8804,1005
2026-06-28,https://industrydemo.s3.amazonaws.com/i8804.pdf,8804,1006
2026-06-29,https://industrydemo.s3.amazonaws.com/i8804.pdf,8804,1007
2026-06-30,https://industrydemo.s3.amazonaws.com/i8804.pdf,8804,1008
2026-07-01,https://industrydemo.s3.amazonaws.com/i8804.pdf,8804,1009
2026-07-02,https://industrydemo.s3.amazonaws.com/i8804.pdf,8804,1010
2026-07-03,https://industrydemo.s3.amazonaws.com/i8804.pdf,8804,1011
2026-07-04,https://industrydemo.s3.amazonaws.com/i8804.pdf,8804,1012
2026-07-05,https://industrydemo.s3.amazonaws.com/i8804.pdf,8804,1013
2026-07-06,https://industrydemo.s3.amazonaws.com/i8804.pdf,8804,1014
2026-07-07,https://industrydemo.s3.amazonaws.com/i8804.pdf,8804,1015
2026-07-08,https://industrydemo.s3.amazonaws.com/i8804.pdf,8804,1016
2026-07-09,https://industrydemo.s3.amazonaws.com/i8804.pdf,8804,1017
2026-07-10,https://industrydemo.s3.amazonaws.com/i8804.pdf,8804,1018
2026-07-11,https://industrydemo.s3.amazonaws.com/i8804.pdf,8804,1019
2026-07-12,https://industrydemo.s3.amazonaws.com/i8804.pdf,8804,1020
2026-07-13,https://industrydemo.s3.amazonaws.com/i8804.pdf,8804,1021
2026-07-14,https://industrydemo.s3.amazonaws.com/i8804.pdf,8804,1022
2026-07-15,https://industrydemo.s3.amazonaws.com/i8804.pdf,8804,1023
2026-07-16,https://industrydemo.s3.amazonaws.com/i8804.pdf,8804,1024
2026-07-17,https://industrydemo.s3.amazonaws.com/i8804.pdf,8804,1025
2026-07-18,https://industrydemo.s3.amazonaws.com/i8804.pdf,8804,1026
2026-07-19,https://industrydemo.s3.amazonaws.com/i8804.pdf,8804,1027
2026-07-20,https://industrydemo.s3.amazonaws.com/i8804.pdf,8804,1028
2026-07-21,https://industrydemo.s3.amazonaws.com/i8804.pdf,8804,1029
2026-07-22,https://industrydemo.s3.amazonaws.com/i8804.pdf,8804,1030
2026-07-23,https://industrydemo.s3.amazonaws.com/i8804.pdf,8804,1031
2026-07-24,https://industrydemo.s3.amazonaws.com/i8804.pdf,8804,1032
2026-07-25,https://industrydemo.s3.amazonaws.com/i8804.pdf,8804,1033
2026-07-26,https://industrydemo.s3.amazonaws.com/i8804.pdf,8804,1034
2026-07-27,https://industrydemo.s3.amazonaws.com/i8804.pdf,8804,1035
2026-07-28,https://industrydemo.s3.amazonaws.com/i8804.pdf,8804,1036
2026-07-29,https://industrydemo.s3.amazonaws.com/i8804.pdf,8804,1037
2026-07-30,https://industrydemo.s3.amazonaws.com/i8804.pdf,8804,1038
2026-07-31,https://industrydemo.s3.amazonaws.com/i8804.pdf,8804,1039
2026-08-01,https://industrydemo.s3.amazonaws.com/i8804.pdf,8804,1040
2026-08-02,https://industrydemo.s3.amazonaws.com/i8804.pdf,8804,1041
2026-08-03,https://industrydemo.s3.amazonaws.com/i8804.pdf,8804,1042
2026-08-04,https://industrydemo.s3.amazonaws.com/i8804.pdf,8804,1043
2026-08-05,https://industrydemo.s3.amazonaws.com/i8804.pdf,8804,1044
2026-08-06,https://industrydemo.s3.amazonaws.com/i8804.pdf,8804,1045
2026-08-07,https://industrydemo.s3.amazonaws.com/i8804.pdf,8804,1046
2026-08-08,https://industrydemo.s3.amazonaws.com/i8804.pdf,8804,1047
2026-08-09,https://industrydemo.s3.amazonaws.com/i8804.pdf,8804,1048
2026-08-10,https://industrydemo.s3.amazonaws.com/i8804.pdf,8804,1049
2026-08-11,https://industrydemo.s3.amazonaws.com/i8804.pdf,8804,1050
2026-08-12,https://industrydemo.s3.amazonaws.com/i8804.pdf,8804,1051
2026-08-13,https://industrydemo.s3.amazonaws.com/i8804.pdf,8804,1052
2026-08-14,https://industrydemo.s3.amazonaws.com/i8804.pdf,8804,1053
2026-08-15,https://industrydemo.s3.amazonaws.com/i8804.pdf,8804,1054
2026-08-16,https://industrydemo.s3.amazonaws.com/i8804.pdf,8804,1055
2026-08-17,https://industrydemo.s3.amazonaws.com/i8804.pdf,8804,1056
2026-08-18,https://industrydemo.s3.amazonaws.com/i8804.pdf,8804,1057
2026-08-19,https://industrydemo.s3.amazonaws.com/i8804.pdf,8804,1058
2026-08-20,https://industrydemo.s3.amazonaws.com/i8804.pdf,8804,1059
2026-08-21,https://industrydemo.s3.amazonaws.com/i8804.pdf,8804,1060
2026-08-22,https://industrydemo.s3.amazonaws.com/i8804.pdf,8804,1061
2026-08-23,https://industrydemo.s3.amazonaws.com/i8804.pdf,8804,1062
2026-08-24,https://industrydemo.s3.amazonaws.com/i8804.pdf,8804,1063
2026-08-25,https://industrydemo.s3.amazonaws.com/i8804.pdf,8804,1064
2026-08-26,https://industrydemo.s3.amazonaws.com/i8804.pdf,8804,1065
2026-08-27,https://industrydemo.s3.amazonaws.com/i8804.pdf,8804,1066
2026-08-28,https://industrydemo.s3.amazonaws.com/i8804.pdf,8804,1067
2026-08-29,https://industrydemo.s3.amazonaws.com/i8804.pdf,8804,1068
2026-08-30,https://industrydemo.s3.amazonaws.com/i8804.pdf,8804,1069
2026-08-31,https://industrydemo.s3.amazonaws.com/i8804.pdf,8804,1070
2026-09-01,https://industrydemo.s3.amazonaws.com/i8804.pdf,8804,1071
2026-09-02,https://industrydemo.s3.amazonaws.com/i8804.pdf,8804,1072
2026-09-03,https://industrydemo.s3.amazonaws.com/i8804.pdf,8804,1073
2026-09-04,https://industrydemo.s3.amazonaws.com/i8804.pdf,8804,1074
2026-09-05,https://industrydemo.s3.amazonaws.com/i8804.pdf,8804,1075
2026-09-06,https://industrydemo.s3.amazonaws.com/i8804.pdf,8804,1076
2026-09-07,https://industrydemo.s3.amazonaws.com/i8804.pdf,8804,1077
2026-09-08,https://industrydemo.s3.amazonaws.com/i8804.pdf,8804,1078
2026-09-09,https://industrydemo.s3.amazonaws.com/i8804.pdf,8804,1079
2026-09-10,https://industrydemo.s3.amazonaws.com/i8804.pdf,8804,1080
2026-09-11,https://industrydemo.s3.amazonaws.com/i8804.pdf,8804,1081
2026-09-12,https://industrydemo.s3.amazonaws.com/i8804.pdf,8804,1082
2026-09-13,https://industrydemo.s3.amazonaws.com/i8804.pdf,8804,1083
2026-09-14,https://industrydemo.s3.amazonaws.com/i8804.pdf,8804,1084
2026-09-15,https://industrydemo.s3.amazonaws.com/i8804.pdf,8804,1085
2026-09-16,https://industrydemo.s3.amazonaws.com/i8804.pdf,8804,1086
2026-09-17,https://industrydemo.s3.amazonaws.com/i8804.pdf,8804,1087
2026-09-18,https://industrydemo.s3.amazonaws.com/i8804.pdf,8804,1088
2026-09-19,https://industrydemo.s3.amazonaws.com/i8804.pdf,8804,1089
2026-09-20,https://industrydemo.s3.amazonaws.com/i8804.pdf,8804,1090
2026-09-21,https://industrydemo.s3.amazonaws.com/i8804.pdf,8804,1091
2026-09-22,https://industrydemo.s3.amazonaws.com/i8804.pdf,8804,1092
2026-09-23,https://industrydemo.s3.amazonaws.com/i8804.pdf,8804,1093
2026-09-24,https://industrydemo.s3.amazonaws.com/i8804.pdf,8804,1094
2026-09-25,https://industrydemo.s3.amazonaws.com/i8804.pdf,8804,1095
2026-09-26,https://industrydemo.s3.amazonaws.com/i8804.pdf,8804,1096
2026-09-27,https://industrydemo.s3.amazonaws.com/i8804.pdf,8804,1097
2026-09-28,https://industrydemo.s3.amazonaws.com/i8804.pdf,8804,1098
2026-09-29,https://industrydemo.s3.amazonaws.com/i8804.pdf,8804,1099
2026-09-30,https://industrydemo.s3.amazonaws.com/i8804.pdf,8804,1100
2026-10-01,https://industrydemo.s3.amazonaws.com/i8804.pdf,8804,1101
2026-10-02,https://industrydemo.s3.amazonaws.com/i8804.pdf,8804,1102
2026-10-03,https://industrydemo.s3.amazonaws.com/i8804.pdf,8804,1103
2026-10-04,https://industrydemo.s3.amazonaws.com/i8804.pdf,8804,1104
2026-10-05,https://industrydemo.s3.amazonaws.com/i8804.pdf,8804,1105
2026-10-06,https://industrydemo.s3.amazonaws.com/i8804.pdf,8804,1106
2026-10-07,https://industrydemo.s3.amazonaws.com/i8804.pdf,8804,1107
2026-10-08,https://industrydemo.s3.amazonaws.com/i8804.pdf,8804,1108
2026-10-09,https://industrydemo.s3.amazonaws.com/i8804.pdf,8804,1109
2026-10-10,https://industrydemo.s3.amazonaws.com/i8804.pdf,8804,1110
2026-10-11,https://industrydemo.s3.amazonaws.com/i8804.pdf,8804,1111
2026-10-12,https://industrydemo.s3.amazonaws.com/i8804.pdf,8804,1112
2026-10-13,https://industrydemo.s3.amazonaws.com/i8804.pdf,8804,1113
2026-10-14,https://industrydemo.s3.amazonaws.com/i8804.pdf,8804,1114
2026-10-15,https://industrydemo.s3.amazonaws.com/i8804.pdf,8804,1115
2026-10-16,https://industrydemo.s3.amazonaws.com/i8804.pdf,8804,1116
2026-10-17,https://industrydemo.s3.amazonaws.com/i8804.pdf,8804,1117
2026-10-18,https://industrydemo.s3.amazonaws.com/i8804.pdf,8804,1118
2026-10-19,https://industrydemo.s3.amazonaws.com/i8804.pdf,8804,1119
2026-10-20,https://industrydemo.s3.amazonaws.com/i8804.pdf,8804,1120
2026-10-21,https://industrydemo.s3.amazonaws.com/i8804.pdf,8804,1121
2026-10-22,https://industrydemo.s3.amazonaws.com/i8804.pdf,8804,1122
2026-10-23,https://industrydemo.s3.amazonaws.com/i8804.pdf,8804,1123
2026-10-24,https://industrydemo.s3.amazonaws.com/i8804.pdf,8804,1124
2026-10-25,https://industrydemo.s3.amazonaws.com/i8804.pdf,8804,1125
2026-10-26,https://industrydemo.s3.amazonaws.com/i8804.pdf,8804,1126
2026-10-27,https://industrydemo.s3.amazonaws.com/i8804.pdf,8804,1127
2026-10-28,https://industrydemo.s3.amazonaws.com/i8804.pdf,8804,1128
2026-10-29,https://industrydemo.s3.amazonaws.com/i8804.pdf,8804,1129
2026-10-30,https://industrydemo.s3.amazonaws.com/i8804.pdf,8804,1130
2026-10-31,https://industrydemo.s3.amazonaws.com/i8804.pdf,8804,1131
2026-11-01,https://industrydemo.s3.amazonaws.com/i8804.pdf,8804,1132
2026-11-02,https://industrydemo.s3.amazonaws.com/i8804.pdf,8804,1133
2026-11-03,https://industrydemo.s3.amazonaws.com/i8804.pdf,8804,1134
2026-11-04,https://industrydemo.s3.amazonaws.com/i8804.pdf,8804,1135
2026-11-06,https://industrydemo.s3.amazonaws.com/i8804.pdf,8804,1136
2026-11-07,https://industrydemo.s3.amazonaws.com/i8804.pdf,8804,1137
2026-11-08,https://industrydemo.s3.amazonaws.com/i8804.pdf,8804,1138
2026-11-09,https://industrydemo.s3.amazonaws.com/i8804.pdf,8804,1139
2026-11-10,https://industrydemo.s3.amazonaws.com/i8804.pdf,8804,1140
2026-11-11,https://industrydemo.s3.amazonaws.com/i8804.pdf,8804,1141
2026-11-12,https://industrydemo.s3.amazonaws.com/i8804.pdf,8804,1142
2026-11-13,https://industrydemo.s3.amazonaws.com/i8804.pdf,8804,1143
2026-11-14,https://industrydemo.s3.amazonaws.com/i8804.pdf,8804,1144
2026-11-15,https://industrydemo.s3.amazonaws.com/i8804.pdf,8804,1145
2026-11-16,https://industrydemo.s3.amazonaws.com/i8804.pdf,8804,1146
2026-11-17,https://industrydemo.s3.amazonaws.com/i8804.pdf,8804,1147
2026-11-18,https://industrydemo.s3.amazonaws.com/i8804.pdf,8804,1148
2026-11-19,https://industrydemo.s3.amazonaws.com/i8804.pdf,8804,1149
2026-11-20,https://industrydemo.s3.amazonaws.com/i8804.pdf,8804,1150
2026-11-21,https://industrydemo.s3.amazonaws.com/i8804.pdf,8804,1151
2026-11-22,https://industrydemo.s3.amazonaws.com/i8804.pdf,8804,1152
2026-11-23,https://industrydemo.s3.amazonaws.com/i8804.pdf,8804,1153
2026-11-24,https://industrydemo.s3.amazonaws.com/i8804.pdf,8804,1154
2026-11-25,https://industrydemo.s3.amazonaws.com/i8804.pdf,8804,1155
2026-11-26,https://industrydemo.s3.amazonaws.com/i8804.pdf,8804,1156
2026-11-27,https://industrydemo.s3.amazonaws.com/i8804.pdf,8804,1157
2026-11-28,https://industrydemo.s3.amazonaws.com/i8804.pdf,8804,1158
2026-11-29,https://industrydemo.s3.amazonaws.com/i8804.pdf,8804,1159
2026-11-30,https://industrydemo.s3.amazonaws.com/i8804.pdf,8804,1160
2026-12-01,https://industrydemo.s3.amazonaws.com/i8804.pdf,8804,1161
2026-12-02,https://industrydemo.s3.amazonaws.com/i8804.pdf,8804,1162
2026-12-03,https://industrydemo.s3.amazonaws.com/i8804.pdf,8804,1163
2026-12-04,https://industrydemo.s3.amazonaws.com/i8804.pdf,8804,1164
2026-12-05,https://industrydemo.s3.amazonaws.com/i8804.pdf,8804,1165
2026-12-06,https://industrydemo.s3.amazonaws.com/i8804.pdf,8804,1166
2026-12-07,https://industrydemo.s3.amazonaws.com/i8804.pdf,8804,1167
2026-12-08,https://industrydemo.s3.amazonaws.com/i8804.pdf,8804,1168
2026-12-09,https://industrydemo.s3.amazonaws.com/i8804.pdf,8804,1169
2026-12-10,https://industrydemo.s3.amazonaws.com/i8804.pdf,8804,1170
2026-12-11,https://industrydemo.s3.amazonaws.com/i8804.pdf,8804,1171
2026-12-12,https://industrydemo.s3.amazonaws.com/i8804.pdf,8804,1172
2026-12-13,https://industrydemo.s3.amazonaws.com/i8804.pdf,8804,1173
2026-12-14,https://industrydemo.s3.amazonaws.com/i8804.pdf,8804,1174
2026-12-15,https://industrydemo.s3.amazonaws.com/i8804.pdf,8804,1175
2026-12-16,https://industrydemo.s3.amazonaws.com/i8804.pdf,8804,1176
2026-12-17,https://industrydemo.s3.amazonaws.com/i8804.pdf,8804,1177
2026-12-18,https://industrydemo.s3.amazonaws.com/i8804.pdf,8804,1178
2026-12-19,https://industrydemo.s3.amazonaws.com/i8804.pdf,8804,1179
2026-12-20,https://industrydemo.s3.amazonaws.com/i8804.pdf,8804,1180
2026-12-21,https://industrydemo.s3.amazonaws.com/i8804.pdf,8804,1181
2026-12-22,https://industrydemo.s3.amazonaws.com/i8804.pdf,8804,1182
2026-12-23,https://industrydemo.s3.amazonaws.com/i8804.pdf,8804,1183
2026-12-24,https://industrydemo.s3.amazonaws.com/i8804.pdf,8804,1184
2026-12-25,https://industrydemo.s3.amazonaws.com/i8804.pdf,8804,1185
2026-12-26,https://industrydemo.s3.amazonaws.com/i8804.pdf,8804,1186
2026-12-27,https://industrydemo.s3.amazonaws.com/i8804.pdf,8804,1187
2026-12-28,https://industrydemo.s3.amazonaws.com/i8804.pdf,8804,1188
2026-12-29,https://industrydemo.s3.amazonaws.com/i8804.pdf,8804,1189
2026-12-30,https://industrydemo.s3.amazonaws.com/i8804.pdf,8804,1190
2026-12-31,https://industrydemo.s3.amazonaws.com/i8804.pdf,8804,1191
2027-01-01,https://industrydemo.s3.amazonaws.com/i8804.pdf,8804,1192
2027-01-02,https://industrydemo.s3.amazonaws.com/i8804.pdf,8804,1193
2027-01-03,https://industrydemo.s3.amazonaws.com/i8804.pdf,8804,1193
2027-01-04,https://industrydemo.s3.amazonaws.com/i8804.pdf,8804,1190
